village_id,village_name,latitude,longitude,population,water_source_type,date,ph_level,turbidity_ntu,residual_chlorine_mg_l,bacterial_contamination,rainfall_mm,temperature_c,sanitation_index,historical_cases_last_4_weeks,disease_type,case_count,outbreak_risk_level
V001,Village_1,16.57454,74.31185,10470,pond,2024-01-07,6.84,1.95,0.456,0,13.1,32.4,0.34,0,diarrhea,8,High
V001,Village_1,16.57454,74.31185,10470,pond,2024-01-14,7.33,2.31,0.462,0,6.4,25.7,0.34,8,typhoid,18,High
V001,Village_1,16.57454,74.31185,10470,pond,2024-01-21,5.94,2.49,0.326,0,5.4,28.9,0.34,18,diarrhea,6,Medium
V001,Village_1,16.57454,74.31185,10470,pond,2024-01-28,6.58,1.78,0.382,0,8.6,28.0,0.34,6,cholera,2,Low
V001,Village_1,16.57454,74.31185,10470,pond,2024-02-04,6.99,2.84,0.274,0,7.0,37.4,0.34,2,hepatitis_a,6,Medium
V001,Village_1,16.57454,74.31185,10470,pond,2024-02-11,7.22,1.97,0.351,0,2.3,31.1,0.34,6,diarrhea,2,Low
V001,Village_1,16.57454,74.31185,10470,pond,2024-02-18,7.21,0.43,0.307,0,19.9,32.6,0.34,2,typhoid,12,High
V001,Village_1,16.57454,74.31185,10470,pond,2024-02-25,7.06,2.64,0.4,0,3.0,30.0,0.34,12,cholera,14,High
V001,Village_1,16.57454,74.31185,10470,pond,2024-03-03,7.07,2.49,0.229,0,7.9,32.5,0.34,14,hepatitis_a,6,Medium
V001,Village_1,16.57454,74.31185,10470,pond,2024-03-10,6.25,1.06,0.342,0,2.2,34.0,0.34,6,typhoid,10,High
V001,Village_1,16.57454,74.31185,10470,pond,2024-03-17,6.57,0.52,0.297,0,6.7,34.4,0.34,10,cholera,16,High
V001,Village_1,16.57454,74.31185,10470,pond,2024-03-24,6.35,0.99,0.166,0,9.5,28.2,0.34,16,diarrhea,10,High
V001,Village_1,16.57454,74.31185,10470,pond,2024-03-31,7.21,0.85,0.438,0,8.7,31.7,0.34,10,cholera,2,Low
V001,Village_1,16.57454,74.31185,10470,pond,2024-04-07,6.84,1.81,0.307,0,9.7,28.3,0.34,2,diarrhea,2,Low
V001,Village_1,16.57454,74.31185,10470,pond,2024-04-14,7.62,1.35,0.409,0,1.0,31.1,0.34,2,cholera,6,Medium
V001,Village_1,16.57454,74.31185,10470,pond,2024-04-21,7.34,1.34,0.214,0,7.4,29.7,0.34,6,typhoid,8,High
V001,Village_1,16.57454,74.31185,10470,pond,2024-04-28,7.15,0.61,0.392,0,8.4,25.2,0.34,8,diarrhea,4,Medium
V001,Village_1,16.57454,74.31185,10470,pond,2024-05-05,7.24,1.62,0.37,0,19.3,28.0,0.34,4,typhoid,8,High
V001,Village_1,16.57454,74.31185,10470,pond,2024-05-12,7.08,2.7,0.391,1,17.2,25.7,0.34,8,hepatitis_a,23,High
V001,Village_1,16.57454,74.31185,10470,pond,2024-05-19,6.48,1.83,0.423,0,4.0,28.7,0.34,23,typhoid,6,Medium
V001,Village_1,16.57454,74.31185,10470,pond,2024-05-26,7.22,3.54,0.363,0,12.9,34.4,0.34,6,cholera,10,High
V001,Village_1,16.57454,74.31185,10470,pond,2024-06-02,6.1,3.65,0.363,0,3.6,33.4,0.34,10,cholera,6,Medium
V001,Village_1,16.57454,74.31185,10470,pond,2024-06-09,6.6,16.67,0.257,0,31.8,25.6,0.34,6,hepatitis_a,33,High
V001,Village_1,16.57454,74.31185,10470,pond,2024-06-16,6.93,5.31,0.179,1,8.1,21.3,0.34,33,hepatitis_a,20,High
V001,Village_1,16.57454,74.31185,10470,pond,2024-06-23,7.13,3.92,0.15,0,31.5,30.4,0.34,20,cholera,16,High
V001,Village_1,16.57454,74.31185,10470,pond,2024-06-30,6.61,6.19,0.08,1,12.2,25.5,0.34,16,typhoid,20,High
V001,Village_1,16.57454,74.31185,10470,pond,2024-07-07,7.23,6.44,0.338,0,50.8,20.6,0.34,20,typhoid,16,High
V001,Village_1,16.57454,74.31185,10470,pond,2024-07-14,7.1,12.42,0.082,1,48.9,25.7,0.34,16,cholera,25,High
V001,Village_1,16.57454,74.31185,10470,pond,2024-07-21,7.02,6.26,0.151,1,57.3,26.8,0.34,25,cholera,31,High
V001,Village_1,16.57454,74.31185,10470,pond,2024-07-28,5.61,2.33,0.083,0,13.2,24.1,0.34,31,typhoid,16,High
V001,Village_1,16.57454,74.31185,10470,pond,2024-08-04,6.3,3.79,0.256,0,20.2,24.7,0.34,16,diarrhea,18,High
V001,Village_1,16.57454,74.31185,10470,pond,2024-08-11,7.15,5.51,0.102,1,35.0,27.8,0.34,18,diarrhea,12,High
V001,Village_1,16.57454,74.31185,10470,pond,2024-08-18,6.88,2.17,0.225,0,6.7,27.1,0.34,12,cholera,12,High
V001,Village_1,16.57454,74.31185,10470,pond,2024-08-25,7.79,1.61,0.034,0,73.8,33.1,0.34,12,diarrhea,12,High
V001,Village_1,16.57454,74.31185,10470,pond,2024-09-01,6.9,3.89,0.314,1,21.4,33.1,0.34,12,hepatitis_a,16,High
V001,Village_1,16.57454,74.31185,10470,pond,2024-09-08,6.13,1.06,0.171,0,12.8,27.7,0.34,16,typhoid,10,High
V001,Village_1,16.57454,74.31185,10470,pond,2024-09-15,7.23,0.58,0.16,0,4.8,34.2,0.34,10,typhoid,10,High
V001,Village_1,16.57454,74.31185,10470,pond,2024-09-22,7.23,1.99,0.345,0,11.7,30.4,0.34,10,typhoid,8,High
V001,Village_1,16.57454,74.31185,10470,pond,2024-09-29,6.34,1.56,0.364,0,12.0,28.6,0.34,8,hepatitis_a,10,High
V001,Village_1,16.57454,74.31185,10470,pond,2024-10-06,6.91,1.89,0.198,0,10.5,27.0,0.34,10,hepatitis_a,10,High
V001,Village_1,16.57454,74.31185,10470,pond,2024-10-13,7.24,2.42,0.241,0,7.5,33.5,0.34,10,cholera,10,High
V001,Village_1,16.57454,74.31185,10470,pond,2024-10-20,7.8,2.41,0.381,0,4.4,35.7,0.34,10,diarrhea,14,High
V001,Village_1,16.57454,74.31185,10470,pond,2024-10-27,7.1,4.62,0.318,0,1.4,31.5,0.34,14,cholera,14,High
V001,Village_1,16.57454,74.31185,10470,pond,2024-11-03,5.97,2.09,0.551,0,0.5,32.0,0.34,14,diarrhea,10,High
V001,Village_1,16.57454,74.31185,10470,pond,2024-11-10,8.06,5.33,0.318,0,4.9,24.7,0.34,10,diarrhea,10,High
V001,Village_1,16.57454,74.31185,10470,pond,2024-11-17,6.81,1.18,0.25,0,15.0,32.0,0.34,10,diarrhea,6,Medium
V001,Village_1,16.57454,74.31185,10470,pond,2024-11-24,6.4,0.59,0.17,0,12.9,32.6,0.34,6,diarrhea,6,Medium
V001,Village_1,16.57454,74.31185,10470,pond,2024-12-01,6.41,3.76,0.308,0,5.4,27.8,0.34,6,cholera,4,Medium
V001,Village_1,16.57454,74.31185,10470,pond,2024-12-08,6.95,2.02,0.298,0,6.7,30.5,0.34,4,cholera,12,High
V001,Village_1,16.57454,74.31185,10470,pond,2024-12-15,6.91,1.97,0.243,0,7.5,34.8,0.34,12,typhoid,6,Medium
V001,Village_1,16.57454,74.31185,10470,pond,2024-12-22,7.04,3.34,0.187,0,9.5,27.7,0.34,6,cholera,20,High
V001,Village_1,16.57454,74.31185,10470,pond,2024-12-29,7.38,3.45,0.437,0,6.0,34.1,0.34,20,cholera,12,High
V002,Village_2,17.15071,73.83949,11548,pond,2024-01-07,6.85,3.91,0.297,0,0.7,35.1,0.2,0,hepatitis_a,11,High
V002,Village_2,17.15071,73.83949,11548,pond,2024-01-14,7.05,4.37,0.435,0,6.4,33.3,0.2,11,typhoid,9,High
V002,Village_2,17.15071,73.83949,11548,pond,2024-01-21,6.26,0.81,0.351,0,8.1,32.9,0.2,9,hepatitis_a,6,Medium
V002,Village_2,17.15071,73.83949,11548,pond,2024-01-28,7.05,1.81,0.354,0,2.0,32.5,0.2,6,hepatitis_a,6,Medium
V002,Village_2,17.15071,73.83949,11548,pond,2024-02-04,6.86,9.17,0.29,0,10.3,25.4,0.2,6,cholera,11,High
V002,Village_2,17.15071,73.83949,11548,pond,2024-02-11,7.78,1.14,0.322,0,8.0,29.1,0.2,11,hepatitis_a,18,High
V002,Village_2,17.15071,73.83949,11548,pond,2024-02-18,7.45,0.75,0.405,0,11.8,30.4,0.2,18,typhoid,20,High
V002,Village_2,17.15071,73.83949,11548,pond,2024-02-25,7.69,5.01,0.315,0,6.3,30.5,0.2,20,hepatitis_a,6,Medium
V002,Village_2,17.15071,73.83949,11548,pond,2024-03-03,7.92,4.56,0.232,0,7.1,33.2,0.2,6,diarrhea,11,High
V002,Village_2,17.15071,73.83949,11548,pond,2024-03-10,7.25,1.38,0.141,0,5.0,32.4,0.2,11,diarrhea,13,High
V002,Village_2,17.15071,73.83949,11548,pond,2024-03-17,7.07,8.14,0.234,0,13.2,29.4,0.2,13,cholera,6,Medium
V002,Village_2,17.15071,73.83949,11548,pond,2024-03-24,6.4,2.9,0.31,0,9.5,31.4,0.2,6,cholera,9,High
V002,Village_2,17.15071,73.83949,11548,pond,2024-03-31,6.75,8.33,0.394,0,4.2,31.9,0.2,9,cholera,13,High
V002,Village_2,17.15071,73.83949,11548,pond,2024-04-07,7.01,2.16,0.391,0,4.9,29.3,0.2,13,hepatitis_a,30,High
V002,Village_2,17.15071,73.83949,11548,pond,2024-04-14,7.01,1.11,0.349,1,5.8,30.4,0.2,30,hepatitis_a,11,High
V002,Village_2,17.15071,73.83949,11548,pond,2024-04-21,6.91,1.13,0.419,0,15.7,28.8,0.2,11,diarrhea,9,High
V002,Village_2,17.15071,73.83949,11548,pond,2024-04-28,6.78,0.3,0.397,0,13.9,26.9,0.2,9,diarrhea,9,High
V002,Village_2,17.15071,73.83949,11548,pond,2024-05-05,7.04,0.64,0.43,0,8.8,29.7,0.2,9,hepatitis_a,6,Medium
V002,Village_2,17.15071,73.83949,11548,pond,2024-05-12,6.98,0.64,0.466,0,10.6,29.7,0.2,6,diarrhea,13,High
V002,Village_2,17.15071,73.83949,11548,pond,2024-05-19,6.9,0.67,0.351,0,8.0,29.5,0.2,13,hepatitis_a,6,Medium
V002,Village_2,17.15071,73.83949,11548,pond,2024-05-26,7.34,1.06,0.299,0,3.7,35.4,0.2,6,cholera,13,High
V002,Village_2,17.15071,73.83949,11548,pond,2024-06-02,6.64,3.62,0.316,1,3.8,32.8,0.2,13,typhoid,13,High
V002,Village_2,17.15071,73.83949,11548,pond,2024-06-09,7.4,2.04,0.122,0,20.1,25.7,0.2,13,diarrhea,27,High
V002,Village_2,17.15071,73.83949,11548,pond,2024-06-16,7.6,17.23,0.14,0,39.1,28.0,0.2,27,hepatitis_a,36,High
V002,Village_2,17.15071,73.83949,11548,pond,2024-06-23,6.63,4.91,0.364,0,9.9,24.4,0.2,36,cholera,16,High
V002,Village_2,17.15071,73.83949,11548,pond,2024-06-30,7.31,4.01,0.237,0,42.6,29.4,0.2,16,typhoid,30,High
V002,Village_2,17.15071,73.83949,11548,pond,2024-07-07,7.22,6.36,0.121,1,14.7,27.2,0.2,30,hepatitis_a,30,High
V002,Village_2,17.15071,73.83949,11548,pond,2024-07-14,7.62,10.41,0.322,0,18.5,22.0,0.2,30,diarrhea,23,High
V002,Village_2,17.15071,73.83949,11548,pond,2024-07-21,6.86,1.31,0.115,1,30.3,27.9,0.2,23,cholera,20,High
V002,Village_2,17.15071,73.83949,11548,pond,2024-07-28,6.87,5.7,0.259,0,41.3,28.9,0.2,20,cholera,13,High
V002,Village_2,17.15071,73.83949,11548,pond,2024-08-04,5.84,6.97,0.25,0,17.2,26.4,0.2,13,hepatitis_a,13,High
V002,Village_2,17.15071,73.83949,11548,pond,2024-08-11,6.96,8.81,0.028,1,38.5,23.6,0.2,13,typhoid,36,High
V002,Village_2,17.15071,73.83949,11548,pond,2024-08-18,6.54,6.95,0.214,0,24.5,26.6,0.2,36,cholera,25,High
V002,Village_2,17.15071,73.83949,11548,pond,2024-08-25,7.12,3.81,0.171,0,32.2,22.7,0.2,25,hepatitis_a,18,High
V002,Village_2,17.15071,73.83949,11548,pond,2024-09-01,6.14,0.95,0.051,0,12.7,22.2,0.2,18,cholera,6,Medium
V002,Village_2,17.15071,73.83949,11548,pond,2024-09-08,6.35,7.82,0.156,1,58.5,28.1,0.2,6,diarrhea,36,High
V002,Village_2,17.15071,73.83949,11548,pond,2024-09-15,6.61,1.6,0.213,0,7.6,27.7,0.2,36,diarrhea,25,High
V002,Village_2,17.15071,73.83949,11548,pond,2024-09-22,6.82,1.79,0.38,0,12.9,28.0,0.2,25,diarrhea,25,High
V002,Village_2,17.15071,73.83949,11548,pond,2024-09-29,7.11,1.25,0.233,0,14.6,32.4,0.2,25,cholera,13,High
V002,Village_2,17.15071,73.83949,11548,pond,2024-10-06,7.27,0.57,0.375,0,2.5,27.8,0.2,13,typhoid,11,High
V002,Village_2,17.15071,73.83949,11548,pond,2024-10-13,6.59,3.01,0.242,0,1.4,25.1,0.2,11,cholera,13,High
V002,Village_2,17.15071,73.83949,11548,pond,2024-10-20,6.4,0.55,0.281,0,19.8,32.6,0.2,13,diarrhea,9,High
V002,Village_2,17.15071,73.83949,11548,pond,2024-10-27,6.88,0.51,0.458,0,1.9,30.5,0.2,9,hepatitis_a,11,High
V002,Village_2,17.15071,73.83949,11548,pond,2024-11-03,7.17,1.15,0.327,0,12.2,32.3,0.2,11,hepatitis_a,9,High
V002,Village_2,17.15071,73.83949,11548,pond,2024-11-10,6.55,2.89,0.516,0,8.6,24.5,0.2,9,diarrhea,16,High
V002,Village_2,17.15071,73.83949,11548,pond,2024-11-17,6.83,1.49,0.255,0,8.8,36.0,0.2,16,typhoid,18,High
V002,Village_2,17.15071,73.83949,11548,pond,2024-11-24,7.02,1.56,0.351,0,4.2,26.8,0.2,18,cholera,9,High
V002,Village_2,17.15071,73.83949,11548,pond,2024-12-01,6.97,4.35,0.098,0,6.9,29.3,0.2,9,diarrhea,11,High
V002,Village_2,17.15071,73.83949,11548,pond,2024-12-08,7.36,2.28,0.147,0,1.6,28.8,0.2,11,hepatitis_a,18,High
V002,Village_2,17.15071,73.83949,11548,pond,2024-12-15,7.7,1.66,0.195,0,9.1,29.7,0.2,18,cholera,4,Medium
V002,Village_2,17.15071,73.83949,11548,pond,2024-12-22,6.94,1.95,0.42,0,11.7,27.0,0.2,4,typhoid,11,High
V002,Village_2,17.15071,73.83949,11548,pond,2024-12-29,6.92,2.81,0.317,0,5.2,33.1,0.2,11,hepatitis_a,18,High
V003,Village_3,16.93199,73.99214,1575,borewell,2024-01-07,7.07,6.03,0.263,0,4.9,30.3,0.77,0,hepatitis_a,1,Low
V003,Village_3,16.93199,73.99214,1575,borewell,2024-01-14,6.68,0.75,0.122,0,8.0,29.9,0.77,1,cholera,2,Low
V003,Village_3,16.93199,73.99214,1575,borewell,2024-01-21,7.02,2.99,0.242,0,5.9,34.0,0.77,2,cholera,1,Low
V003,Village_3,16.93199,73.99214,1575,borewell,2024-01-28,7.09,0.76,0.336,0,11.9,29.9,0.77,1,hepatitis_a,2,Low
V003,Village_3,16.93199,73.99214,1575,borewell,2024-02-04,6.77,1.76,0.386,0,3.0,30.6,0.77,2,cholera,1,Low
V003,Village_3,16.93199,73.99214,1575,borewell,2024-02-11,7.69,4.3,0.22,0,2.0,30.7,0.77,1,cholera,3,Medium
V003,Village_3,16.93199,73.99214,1575,borewell,2024-02-18,7.15,2.12,0.375,0,8.3,24.3,0.77,3,hepatitis_a,1,Low
V003,Village_3,16.93199,73.99214,1575,borewell,2024-02-25,6.48,0.95,0.238,0,10.2,32.3,0.77,1,typhoid,1,Low
V003,Village_3,16.93199,73.99214,1575,borewell,2024-03-03,6.56,2.02,0.155,0,13.9,29.6,0.77,1,diarrhea,1,Low
V003,Village_3,16.93199,73.99214,1575,borewell,2024-03-10,6.84,2.67,0.212,0,15.1,31.9,0.77,1,cholera,1,Low
V003,Village_3,16.93199,73.99214,1575,borewell,2024-03-17,7.24,6.58,0.402,0,4.8,35.6,0.77,1,hepatitis_a,2,Low
V003,Village_3,16.93199,73.99214,1575,borewell,2024-03-24,6.77,2.61,0.242,0,7.1,33.9,0.77,2,diarrhea,3,Medium
V003,Village_3,16.93199,73.99214,1575,borewell,2024-03-31,7.14,4.21,0.175,0,5.8,28.9,0.77,3,typhoid,3,Medium
V003,Village_3,16.93199,73.99214,1575,borewell,2024-04-07,7.06,0.52,0.019,0,4.8,31.6,0.77,3,typhoid,2,Low
V003,Village_3,16.93199,73.99214,1575,borewell,2024-04-14,6.92,1.24,0.29,0,8.5,31.2,0.77,2,diarrhea,2,Low
V003,Village_3,16.93199,73.99214,1575,borewell,2024-04-21,7.43,4.12,0.503,0,4.5,32.1,0.77,2,diarrhea,0,Low
V003,Village_3,16.93199,73.99214,1575,borewell,2024-04-28,6.76,2.91,0.289,0,3.6,30.2,0.77,0,cholera,2,Low
V003,Village_3,16.93199,73.99214,1575,borewell,2024-05-05,7.15,0.98,0.284,0,2.0,26.8,0.77,2,hepatitis_a,0,Low
V003,Village_3,16.93199,73.99214,1575,borewell,2024-05-12,6.98,2.14,0.173,0,6.8,27.5,0.77,0,hepatitis_a,0,Low
V003,Village_3,16.93199,73.99214,1575,borewell,2024-05-19,7.03,3.85,0.231,0,6.1,33.4,0.77,0,cholera,1,Low
V003,Village_3,16.93199,73.99214,1575,borewell,2024-05-26,7.2,5.72,0.264,0,6.6,30.4,0.77,1,typhoid,2,Low
V003,Village_3,16.93199,73.99214,1575,borewell,2024-06-02,6.95,1.0,0.087,0,3.5,25.5,0.77,2,hepatitis_a,2,Low
V003,Village_3,16.93199,73.99214,1575,borewell,2024-06-09,7.26,9.08,0.248,0,11.6,26.2,0.77,2,diarrhea,2,Low
V003,Village_3,16.93199,73.99214,1575,borewell,2024-06-16,6.66,9.98,0.087,1,61.5,23.6,0.77,2,cholera,5,Medium
V003,Village_3,16.93199,73.99214,1575,borewell,2024-06-23,8.04,4.08,0.269,0,54.3,22.4,0.77,5,typhoid,3,Medium
V003,Village_3,16.93199,73.99214,1575,borewell,2024-06-30,6.35,8.43,0.093,1,30.8,28.2,0.77,3,typhoid,4,Medium
V003,Village_3,16.93199,73.99214,1575,borewell,2024-07-07,6.68,4.91,0.187,0,28.3,27.2,0.77,4,hepatitis_a,0,Low
V003,Village_3,16.93199,73.99214,1575,borewell,2024-07-14,6.76,4.18,0.091,0,11.0,27.5,0.77,0,cholera,4,Medium
V003,Village_3,16.93199,73.99214,1575,borewell,2024-07-21,6.95,5.6,0.261,0,8.1,23.1,0.77,4,diarrhea,1,Low
V003,Village_3,16.93199,73.99214,1575,borewell,2024-07-28,7.22,6.66,0.08,1,17.9,25.8,0.77,1,cholera,4,Medium
V003,Village_3,16.93199,73.99214,1575,borewell,2024-08-04,7.31,3.92,0.0,0,46.3,25.9,0.77,4,typhoid,3,Medium
V003,Village_3,16.93199,73.99214,1575,borewell,2024-08-11,7.74,0.98,0.1,0,57.5,26.3,0.77,3,cholera,1,Low
V003,Village_3,16.93199,73.99214,1575,borewell,2024-08-18,6.27,24.3,0.085,1,45.6,28.0,0.77,1,cholera,6,Medium
V003,Village_3,16.93199,73.99214,1575,borewell,2024-08-25,6.64,2.47,0.189,0,64.3,25.2,0.77,6,cholera,2,Low
V003,Village_3,16.93199,73.99214,1575,borewell,2024-09-01,7.3,0.51,0.0,0,11.0,25.3,0.77,2,cholera,1,Low
V003,Village_3,16.93199,73.99214,1575,borewell,2024-09-08,6.8,0.28,0.006,0,31.2,26.9,0.77,1,hepatitis_a,1,Low
V003,Village_3,16.93199,73.99214,1575,borewell,2024-09-15,6.74,2.03,0.26,0,6.1,33.2,0.77,1,hepatitis_a,2,Low
V003,Village_3,16.93199,73.99214,1575,borewell,2024-09-22,6.85,3.54,0.354,0,10.9,31.3,0.77,2,cholera,1,Low
V003,Village_3,16.93199,73.99214,1575,borewell,2024-09-29,6.93,2.12,0.351,0,10.1,29.6,0.77,1,cholera,2,Low
V003,Village_3,16.93199,73.99214,1575,borewell,2024-10-06,7.76,2.19,0.332,0,9.3,26.8,0.77,2,diarrhea,0,Low
V003,Village_3,16.93199,73.99214,1575,borewell,2024-10-13,6.74,3.64,0.429,0,7.5,26.9,0.77,0,diarrhea,2,Low
V003,Village_3,16.93199,73.99214,1575,borewell,2024-10-20,6.97,2.8,0.273,0,20.7,34.5,0.77,2,hepatitis_a,1,Low
V003,Village_3,16.93199,73.99214,1575,borewell,2024-10-27,6.78,2.08,0.284,0,5.2,32.3,0.77,1,cholera,1,Low
V003,Village_3,16.93199,73.99214,1575,borewell,2024-11-03,7.04,7.1,0.189,1,5.6,34.5,0.77,1,typhoid,1,Low
V003,Village_3,16.93199,73.99214,1575,borewell,2024-11-10,7.47,1.86,0.323,0,5.4,34.8,0.77,1,cholera,1,Low
V003,Village_3,16.93199,73.99214,1575,borewell,2024-11-17,6.8,0.3,0.366,0,8.8,37.9,0.77,1,typhoid,0,Low
V003,Village_3,16.93199,73.99214,1575,borewell,2024-11-24,6.57,2.1,0.349,0,5.8,28.6,0.77,0,diarrhea,2,Low
V003,Village_3,16.93199,73.99214,1575,borewell,2024-12-01,6.97,5.16,0.308,0,8.0,29.4,0.77,2,typhoid,3,Medium
V003,Village_3,16.93199,73.99214,1575,borewell,2024-12-08,6.95,3.13,0.263,0,5.0,30.8,0.77,3,hepatitis_a,2,Low
V003,Village_3,16.93199,73.99214,1575,borewell,2024-12-15,7.12,2.3,0.354,0,2.3,32.2,0.77,2,hepatitis_a,2,Low
V003,Village_3,16.93199,73.99214,1575,borewell,2024-12-22,7.26,1.8,0.4,1,5.7,33.4,0.77,2,hepatitis_a,2,Low
V003,Village_3,16.93199,73.99214,1575,borewell,2024-12-29,6.86,0.93,0.288,0,7.7,33.6,0.77,2,diarrhea,2,Low
V004,Village_4,16.79866,74.06636,9026,handpump,2024-01-07,6.73,0.98,0.298,0,8.7,33.2,0.69,0,diarrhea,5,Medium
V004,Village_4,16.79866,74.06636,9026,handpump,2024-01-14,7.25,3.5,0.253,0,5.9,31.2,0.69,5,typhoid,3,Medium
V004,Village_4,16.79866,74.06636,9026,handpump,2024-01-21,6.89,1.77,0.37,0,3.4,27.2,0.69,3,cholera,1,Low
V004,Village_4,16.79866,74.06636,9026,handpump,2024-01-28,7.16,1.35,0.368,0,0.7,34.4,0.69,1,hepatitis_a,1,Low
V004,Village_4,16.79866,74.06636,9026,handpump,2024-02-04,6.54,2.83,0.351,0,2.4,32.3,0.69,1,typhoid,7,High
V004,Village_4,16.79866,74.06636,9026,handpump,2024-02-11,7.37,1.69,0.371,0,7.0,27.4,0.69,7,cholera,3,Medium
V004,Village_4,16.79866,74.06636,9026,handpump,2024-02-18,6.81,1.61,0.222,0,11.9,27.4,0.69,3,diarrhea,9,High
V004,Village_4,16.79866,74.06636,9026,handpump,2024-02-25,7.16,2.18,0.216,0,12.3,32.2,0.69,9,diarrhea,12,High
V004,Village_4,16.79866,74.06636,9026,handpump,2024-03-03,6.42,2.0,0.36,0,4.7,30.4,0.69,12,hepatitis_a,0,Low
V004,Village_4,16.79866,74.06636,9026,handpump,2024-03-10,7.57,0.57,0.217,0,5.6,30.7,0.69,0,typhoid,7,High
V004,Village_4,16.79866,74.06636,9026,handpump,2024-03-17,6.64,4.17,0.163,0,8.8,27.3,0.69,7,hepatitis_a,9,High
V004,Village_4,16.79866,74.06636,9026,handpump,2024-03-24,7.03,1.73,0.318,1,10.5,30.9,0.69,9,diarrhea,5,Medium
V004,Village_4,16.79866,74.06636,9026,handpump,2024-03-31,7.05,0.67,0.411,0,9.8,29.9,0.69,5,diarrhea,3,Medium
V004,Village_4,16.79866,74.06636,9026,handpump,2024-04-07,6.67,0.59,0.424,0,18.3,29.2,0.69,3,cholera,1,Low
V004,Village_4,16.79866,74.06636,9026,handpump,2024-04-14,6.09,2.28,0.324,0,13.2,25.9,0.69,1,diarrhea,7,High
V004,Village_4,16.79866,74.06636,9026,handpump,2024-04-21,7.17,2.04,0.513,0,2.9,30.5,0.69,7,hepatitis_a,1,Low
V004,Village_4,16.79866,74.06636,9026,handpump,2024-04-28,7.13,4.72,0.356,0,3.8,28.2,0.69,1,diarrhea,9,High
V004,Village_4,16.79866,74.06636,9026,handpump,2024-05-05,7.31,1.46,0.3,0,4.9,30.5,0.69,9,hepatitis_a,5,Medium
V004,Village_4,16.79866,74.06636,9026,handpump,2024-05-12,6.12,3.61,0.238,1,23.5,30.0,0.69,5,typhoid,16,High
V004,Village_4,16.79866,74.06636,9026,handpump,2024-05-19,7.05,1.93,0.149,0,18.1,22.2,0.69,16,typhoid,14,High
V004,Village_4,16.79866,74.06636,9026,handpump,2024-05-26,7.29,1.87,0.176,0,9.1,30.1,0.69,14,diarrhea,16,High
V004,Village_4,16.79866,74.06636,9026,handpump,2024-06-02,6.67,0.57,0.216,0,2.0,30.2,0.69,16,hepatitis_a,5,Medium
V004,Village_4,16.79866,74.06636,9026,handpump,2024-06-09,7.16,0.7,0.251,0,7.0,21.2,0.69,5,hepatitis_a,7,High
V004,Village_4,16.79866,74.06636,9026,handpump,2024-06-16,6.65,8.48,0.194,1,5.2,23.6,0.69,7,hepatitis_a,25,High
V004,Village_4,16.79866,74.06636,9026,handpump,2024-06-23,5.96,3.71,0.194,0,7.7,27.1,0.69,25,hepatitis_a,12,High
V004,Village_4,16.79866,74.06636,9026,handpump,2024-06-30,7.34,8.05,0.392,0,29.1,25.5,0.69,12,typhoid,7,High
V004,Village_4,16.79866,74.06636,9026,handpump,2024-07-07,7.48,4.09,0.263,0,40.6,22.6,0.69,7,typhoid,9,High
V004,Village_4,16.79866,74.06636,9026,handpump,2024-07-14,6.3,1.96,0.163,0,10.4,24.9,0.69,9,hepatitis_a,3,Medium
V004,Village_4,16.79866,74.06636,9026,handpump,2024-07-21,7.24,5.13,0.054,1,51.4,23.0,0.69,3,hepatitis_a,10,High
V004,Village_4,16.79866,74.06636,9026,handpump,2024-07-28,6.82,1.81,0.181,0,21.6,27.9,0.69,10,cholera,10,High
V004,Village_4,16.79866,74.06636,9026,handpump,2024-08-04,7.73,9.3,0.208,0,23.9,27.4,0.69,10,cholera,19,High
V004,Village_4,16.79866,74.06636,9026,handpump,2024-08-11,6.83,5.4,0.111,0,25.8,26.1,0.69,19,cholera,10,High
V004,Village_4,16.79866,74.06636,9026,handpump,2024-08-18,7.22,1.8,0.274,0,13.7,28.8,0.69,10,typhoid,10,High
V004,Village_4,16.79866,74.06636,9026,handpump,2024-08-25,7.02,4.84,0.189,0,22.1,27.2,0.69,10,typhoid,9,High
V004,Village_4,16.79866,74.06636,9026,handpump,2024-09-01,6.97,5.85,0.157,1,4.1,25.6,0.69,9,hepatitis_a,18,High
V004,Village_4,16.79866,74.06636,9026,handpump,2024-09-08,7.57,2.03,0.006,0,28.8,25.6,0.69,18,cholera,5,Medium
V004,Village_4,16.79866,74.06636,9026,handpump,2024-09-15,6.65,3.01,0.198,0,6.1,31.5,0.69,5,diarrhea,14,High
V004,Village_4,16.79866,74.06636,9026,handpump,2024-09-22,6.9,0.71,0.293,1,6.0,31.8,0.69,14,diarrhea,10,High
V004,Village_4,16.79866,74.06636,9026,handpump,2024-09-29,7.35,0.52,0.321,0,9.6,31.4,0.69,10,diarrhea,7,High
V004,Village_4,16.79866,74.06636,9026,handpump,2024-10-06,7.51,1.65,0.3,0,12.4,33.0,0.69,7,diarrhea,5,Medium
V004,Village_4,16.79866,74.06636,9026,handpump,2024-10-13,6.8,1.11,0.3,0,4.9,29.9,0.69,5,cholera,9,High
V004,Village_4,16.79866,74.06636,9026,handpump,2024-10-20,6.21,4.68,0.487,0,17.2,29.4,0.69,9,cholera,12,High
V004,Village_4,16.79866,74.06636,9026,handpump,2024-10-27,6.44,1.66,0.215,0,11.0,30.0,0.69,12,typhoid,7,High
V004,Village_4,16.79866,74.06636,9026,handpump,2024-11-03,6.04,0.76,0.278,0,6.7,23.0,0.69,7,diarrhea,0,Low
V004,Village_4,16.79866,74.06636,9026,handpump,2024-11-10,6.91,1.6,0.342,0,13.1,32.8,0.69,0,hepatitis_a,3,Medium
V004,Village_4,16.79866,74.06636,9026,handpump,2024-11-17,7.09,1.01,0.296,0,5.2,33.6,0.69,3,cholera,7,High
V004,Village_4,16.79866,74.06636,9026,handpump,2024-11-24,6.87,0.8,0.309,0,13.4,29.3,0.69,7,typhoid,9,High
V004,Village_4,16.79866,74.06636,9026,handpump,2024-12-01,6.91,2.54,0.394,0,3.4,33.1,0.69,9,typhoid,1,Low
V004,Village_4,16.79866,74.06636,9026,handpump,2024-12-08,7.44,2.61,0.334,0,8.2,35.3,0.69,1,diarrhea,5,Medium
V004,Village_4,16.79866,74.06636,9026,handpump,2024-12-15,6.97,1.13,0.166,0,3.9,27.3,0.69,5,diarrhea,3,Medium
V004,Village_4,16.79866,74.06636,9026,handpump,2024-12-22,6.75,0.75,0.231,0,15.0,28.5,0.69,3,diarrhea,1,Low
V004,Village_4,16.79866,74.06636,9026,handpump,2024-12-29,7.42,3.19,0.261,0,5.8,29.5,0.69,1,typhoid,5,Medium
V005,Village_5,16.35602,74.15607,3952,handpump,2024-01-07,7.43,2.13,0.441,0,16.8,31.2,0.71,0,diarrhea,2,Low
V005,Village_5,16.35602,74.15607,3952,handpump,2024-01-14,7.46,6.94,0.314,0,18.1,26.2,0.71,2,hepatitis_a,3,Medium
V005,Village_5,16.35602,74.15607,3952,handpump,2024-01-21,7.09,2.02,0.39,0,3.5,27.9,0.71,3,typhoid,3,Medium
V005,Village_5,16.35602,74.15607,3952,handpump,2024-01-28,6.88,0.44,0.124,0,4.5,30.5,0.71,3,diarrhea,3,Medium
V005,Village_5,16.35602,74.15607,3952,handpump,2024-02-04,7.14,1.37,0.293,1,8.1,28.4,0.71,3,typhoid,5,Medium
V005,Village_5,16.35602,74.15607,3952,handpump,2024-02-11,6.53,3.73,0.545,0,1.4,31.8,0.71,5,cholera,0,Low
V005,Village_5,16.35602,74.15607,3952,handpump,2024-02-18,7.53,4.19,0.169,1,15.1,28.2,0.71,0,diarrhea,2,Low
V005,Village_5,16.35602,74.15607,3952,handpump,2024-02-25,7.47,1.75,0.388,0,10.5,28.0,0.71,2,cholera,3,Medium
V005,Village_5,16.35602,74.15607,3952,handpump,2024-03-03,7.05,2.98,0.241,0,7.4,33.4,0.71,3,typhoid,3,Medium
V005,Village_5,16.35602,74.15607,3952,handpump,2024-03-10,6.86,2.15,0.225,0,7.5,28.5,0.71,3,typhoid,3,Medium
V005,Village_5,16.35602,74.15607,3952,handpump,2024-03-17,8.22,3.64,0.202,0,15.7,34.7,0.71,3,cholera,3,Medium
V005,Village_5,16.35602,74.15607,3952,handpump,2024-03-24,7.32,2.27,0.289,0,19.1,32.3,0.71,3,hepatitis_a,5,Medium
V005,Village_5,16.35602,74.15607,3952,handpump,2024-03-31,6.92,2.12,0.248,0,2.5,30.9,0.71,5,cholera,4,Medium
V005,Village_5,16.35602,74.15607,3952,handpump,2024-04-07,6.84,1.83,0.223,0,3.7,29.9,0.71,4,cholera,1,Low
V005,Village_5,16.35602,74.15607,3952,handpump,2024-04-14,7.13,2.29,0.262,0,4.5,28.6,0.71,1,diarrhea,1,Low
V005,Village_5,16.35602,74.15607,3952,handpump,2024-04-21,6.57,1.88,0.178,1,9.8,32.5,0.71,1,hepatitis_a,3,Medium
V005,Village_5,16.35602,74.15607,3952,handpump,2024-04-28,7.27,1.54,0.413,0,2.4,35.2,0.71,3,diarrhea,0,Low
V005,Village_5,16.35602,74.15607,3952,handpump,2024-05-05,7.52,6.93,0.409,0,7.6,26.9,0.71,0,hepatitis_a,3,Medium
V005,Village_5,16.35602,74.15607,3952,handpump,2024-05-12,6.16,7.78,0.284,0,8.1,26.2,0.71,3,typhoid,3,Medium
V005,Village_5,16.35602,74.15607,3952,handpump,2024-05-19,6.78,6.53,0.425,0,12.2,34.1,0.71,3,typhoid,3,Medium
V005,Village_5,16.35602,74.15607,3952,handpump,2024-05-26,7.21,1.49,0.354,0,2.4,32.0,0.71,3,typhoid,1,Low
V005,Village_5,16.35602,74.15607,3952,handpump,2024-06-02,7.55,3.03,0.343,1,15.2,30.4,0.71,1,hepatitis_a,7,High
V005,Village_5,16.35602,74.15607,3952,handpump,2024-06-09,6.17,5.08,0.239,0,27.8,19.6,0.71,7,cholera,5,Medium
V005,Village_5,16.35602,74.15607,3952,handpump,2024-06-16,6.74,13.77,0.16,1,75.5,28.6,0.71,5,cholera,7,High
V005,Village_5,16.35602,74.15607,3952,handpump,2024-06-23,6.72,5.39,0.28,1,42.3,26.3,0.71,7,diarrhea,4,Medium
V005,Village_5,16.35602,74.15607,3952,handpump,2024-06-30,7.26,22.63,0.125,1,8.2,26.5,0.71,4,typhoid,11,High
V005,Village_5,16.35602,74.15607,3952,handpump,2024-07-07,6.81,0.96,0.111,0,9.3,22.2,0.71,11,hepatitis_a,2,Low
V005,Village_5,16.35602,74.15607,3952,handpump,2024-07-14,7.29,4.6,0.176,0,8.6,28.5,0.71,2,diarrhea,3,Medium
V005,Village_5,16.35602,74.15607,3952,handpump,2024-07-21,6.89,9.55,0.126,1,39.4,22.6,0.71,3,cholera,9,High
V005,Village_5,16.35602,74.15607,3952,handpump,2024-07-28,6.9,12.43,0.154,1,38.4,20.6,0.71,9,diarrhea,8,High
V005,Village_5,16.35602,74.15607,3952,handpump,2024-08-04,6.59,4.54,0.159,0,21.0,28.6,0.71,8,cholera,7,High
V005,Village_5,16.35602,74.15607,3952,handpump,2024-08-11,7.3,3.74,0.08,0,23.2,30.1,0.71,7,diarrhea,2,Low
V005,Village_5,16.35602,74.15607,3952,handpump,2024-08-18,6.13,10.47,0.103,1,6.4,28.0,0.71,2,diarrhea,5,Medium
V005,Village_5,16.35602,74.15607,3952,handpump,2024-08-25,6.74,6.89,0.063,0,19.2,30.5,0.71,5,cholera,3,Medium
V005,Village_5,16.35602,74.15607,3952,handpump,2024-09-01,6.61,15.09,0.2,1,34.9,23.1,0.71,3,diarrhea,9,High
V005,Village_5,16.35602,74.15607,3952,handpump,2024-09-08,7.93,4.76,0.203,0,21.2,24.1,0.71,9,diarrhea,3,Medium
V005,Village_5,16.35602,74.15607,3952,handpump,2024-09-15,6.9,2.54,0.335,0,22.7,25.5,0.71,3,diarrhea,2,Low
V005,Village_5,16.35602,74.15607,3952,handpump,2024-09-22,7.1,0.68,0.088,0,5.6,29.7,0.71,2,typhoid,3,Medium
V005,Village_5,16.35602,74.15607,3952,handpump,2024-09-29,7.23,1.11,0.404,0,4.9,34.5,0.71,3,hepatitis_a,3,Medium
V005,Village_5,16.35602,74.15607,3952,handpump,2024-10-06,7.07,1.71,0.395,0,0.4,25.9,0.71,3,typhoid,1,Low
V005,Village_5,16.35602,74.15607,3952,handpump,2024-10-13,6.86,2.58,0.349,0,2.6,26.6,0.71,1,typhoid,2,Low
V005,Village_5,16.35602,74.15607,3952,handpump,2024-10-20,6.61,1.11,0.405,0,9.2,32.0,0.71,2,typhoid,2,Low
V005,Village_5,16.35602,74.15607,3952,handpump,2024-10-27,6.89,0.18,0.421,0,16.9,32.5,0.71,2,cholera,1,Low
V005,Village_5,16.35602,74.15607,3952,handpump,2024-11-03,7.15,0.88,0.178,0,7.4,28.5,0.71,1,diarrhea,1,Low
V005,Village_5,16.35602,74.15607,3952,handpump,2024-11-10,6.72,3.32,0.254,0,9.7,31.8,0.71,1,typhoid,0,Low
V005,Village_5,16.35602,74.15607,3952,handpump,2024-11-17,6.48,1.18,0.374,0,8.4,33.6,0.71,0,cholera,1,Low
V005,Village_5,16.35602,74.15607,3952,handpump,2024-11-24,6.87,3.92,0.19,0,2.1,31.5,0.71,1,cholera,0,Low
V005,Village_5,16.35602,74.15607,3952,handpump,2024-12-01,7.91,1.36,0.197,0,8.0,21.1,0.71,0,hepatitis_a,2,Low
V005,Village_5,16.35602,74.15607,3952,handpump,2024-12-08,7.22,2.76,0.393,0,7.3,28.9,0.71,2,hepatitis_a,3,Medium
V005,Village_5,16.35602,74.15607,3952,handpump,2024-12-15,6.94,2.8,0.431,0,9.9,26.7,0.71,3,diarrhea,4,Medium
V005,Village_5,16.35602,74.15607,3952,handpump,2024-12-22,7.3,1.03,0.195,0,5.3,32.8,0.71,4,cholera,2,Low
V005,Village_5,16.35602,74.15607,3952,handpump,2024-12-29,7.03,0.41,0.469,0,8.8,27.9,0.71,2,hepatitis_a,0,Low
V006,Village_6,16.35599,74.48518,10947,river,2024-01-07,6.5,0.16,0.401,0,5.2,34.3,0.74,0,cholera,4,Medium
V006,Village_6,16.35599,74.48518,10947,river,2024-01-14,7.35,2.64,0.331,0,6.4,29.4,0.74,4,hepatitis_a,10,High
V006,Village_6,16.35599,74.48518,10947,river,2024-01-21,7.02,0.7,0.276,0,11.0,32.0,0.74,10,hepatitis_a,6,Medium
V006,Village_6,16.35599,74.48518,10947,river,2024-01-28,7.25,2.48,0.378,1,6.2,20.4,0.74,6,diarrhea,4,Medium
V006,Village_6,16.35599,74.48518,10947,river,2024-02-04,7.35,10.07,0.085,1,5.1,31.8,0.74,4,hepatitis_a,15,High
V006,Village_6,16.35599,74.48518,10947,river,2024-02-11,7.11,0.23,0.274,0,6.2,32.9,0.74,15,cholera,15,High
V006,Village_6,16.35599,74.48518,10947,river,2024-02-18,6.3,2.78,0.254,0,13.8,26.5,0.74,15,typhoid,8,High
V006,Village_6,16.35599,74.48518,10947,river,2024-02-25,6.7,4.03,0.347,1,2.6,27.1,0.74,8,typhoid,10,High
V006,Village_6,16.35599,74.48518,10947,river,2024-03-03,7.87,3.03,0.248,0,6.4,34.8,0.74,10,typhoid,26,High
V006,Village_6,16.35599,74.48518,10947,river,2024-03-10,7.43,1.15,0.404,0,2.8,25.6,0.74,26,cholera,13,High
V006,Village_6,16.35599,74.48518,10947,river,2024-03-17,7.78,3.89,0.229,0,4.3,29.4,0.74,13,typhoid,8,High
V006,Village_6,16.35599,74.48518,10947,river,2024-03-24,7.04,0.96,0.25,0,4.1,27.7,0.74,8,hepatitis_a,13,High
V006,Village_6,16.35599,74.48518,10947,river,2024-03-31,6.82,2.22,0.223,0,4.7,32.6,0.74,13,diarrhea,13,High
V006,Village_6,16.35599,74.48518,10947,river,2024-04-07,6.53,0.53,0.199,0,13.5,28.0,0.74,13,typhoid,4,Medium
V006,Village_6,16.35599,74.48518,10947,river,2024-04-14,7.82,2.94,0.278,0,14.8,37.9,0.74,4,typhoid,6,Medium
V006,Village_6,16.35599,74.48518,10947,river,2024-04-21,6.91,1.57,0.307,0,8.7,25.6,0.74,6,typhoid,4,Medium
V006,Village_6,16.35599,74.48518,10947,river,2024-04-28,7.55,4.52,0.325,0,5.4,31.0,0.74,4,typhoid,4,Medium
V006,Village_6,16.35599,74.48518,10947,river,2024-05-05,7.2,1.66,0.296,0,10.0,28.8,0.74,4,diarrhea,4,Medium
V006,Village_6,16.35599,74.48518,10947,river,2024-05-12,6.95,1.43,0.246,0,10.0,28.8,0.74,4,cholera,8,High
V006,Village_6,16.35599,74.48518,10947,river,2024-05-19,7.21,1.54,0.361,0,33.3,28.5,0.74,8,cholera,8,High
V006,Village_6,16.35599,74.48518,10947,river,2024-05-26,6.55,3.93,0.089,0,1.3,30.4,0.74,8,hepatitis_a,8,High
V006,Village_6,16.35599,74.48518,10947,river,2024-06-02,6.5,0.6,0.296,0,9.8,30.2,0.74,8,cholera,6,Medium
V006,Village_6,16.35599,74.48518,10947,river,2024-06-09,6.45,3.77,0.1,0,36.2,27.5,0.74,6,diarrhea,4,Medium
V006,Village_6,16.35599,74.48518,10947,river,2024-06-16,7.12,6.68,0.0,1,15.0,28.5,0.74,4,typhoid,15,High
V006,Village_6,16.35599,74.48518,10947,river,2024-06-23,6.58,1.7,0.0,0,43.5,30.1,0.74,15,diarrhea,10,High
V006,Village_6,16.35599,74.48518,10947,river,2024-06-30,6.78,5.18,0.139,1,16.0,28.1,0.74,10,hepatitis_a,17,High
V006,Village_6,16.35599,74.48518,10947,river,2024-07-07,7.05,2.24,0.214,0,67.6,29.0,0.74,17,diarrhea,6,Medium
V006,Village_6,16.35599,74.48518,10947,river,2024-07-14,6.32,4.83,0.0,0,18.6,24.3,0.74,6,diarrhea,13,High
V006,Village_6,16.35599,74.48518,10947,river,2024-07-21,6.51,0.73,0.342,0,44.4,27.6,0.74,13,diarrhea,8,High
V006,Village_6,16.35599,74.48518,10947,river,2024-07-28,6.65,3.56,0.229,0,57.2,21.1,0.74,8,cholera,19,High
V006,Village_6,16.35599,74.48518,10947,river,2024-08-04,7.0,6.96,0.355,0,8.1,25.2,0.74,19,hepatitis_a,13,High
V006,Village_6,16.35599,74.48518,10947,river,2024-08-11,6.97,4.36,0.133,0,5.5,21.8,0.74,13,diarrhea,13,High
V006,Village_6,16.35599,74.48518,10947,river,2024-08-18,6.72,2.92,0.284,0,35.6,27.8,0.74,13,diarrhea,6,Medium
V006,Village_6,16.35599,74.48518,10947,river,2024-08-25,6.72,3.73,0.4,0,28.1,26.3,0.74,6,typhoid,13,High
V006,Village_6,16.35599,74.48518,10947,river,2024-09-01,7.14,6.31,0.137,1,46.3,27.1,0.74,13,typhoid,32,High
V006,Village_6,16.35599,74.48518,10947,river,2024-09-08,6.91,1.6,0.319,0,36.1,24.6,0.74,32,hepatitis_a,21,High
V006,Village_6,16.35599,74.48518,10947,river,2024-09-15,7.17,3.98,0.227,0,13.8,34.4,0.74,21,hepatitis_a,8,High
V006,Village_6,16.35599,74.48518,10947,river,2024-09-22,6.44,1.81,0.038,0,6.9,28.0,0.74,8,typhoid,13,High
V006,Village_6,16.35599,74.48518,10947,river,2024-09-29,7.0,0.22,0.315,0,1.3,29.1,0.74,13,hepatitis_a,8,High
V006,Village_6,16.35599,74.48518,10947,river,2024-10-06,7.36,2.17,0.383,0,6.8,24.6,0.74,8,diarrhea,8,High
V006,Village_6,16.35599,74.48518,10947,river,2024-10-13,6.72,1.84,0.255,0,17.1,25.6,0.74,8,typhoid,8,High
V006,Village_6,16.35599,74.48518,10947,river,2024-10-20,6.72,4.0,0.391,0,0.8,28.2,0.74,8,cholera,8,High
V006,Village_6,16.35599,74.48518,10947,river,2024-10-27,6.57,3.99,0.25,0,1.7,28.4,0.74,8,diarrhea,4,Medium
V006,Village_6,16.35599,74.48518,10947,river,2024-11-03,6.82,3.11,0.379,0,3.4,27.3,0.74,4,typhoid,4,Medium
V006,Village_6,16.35599,74.48518,10947,river,2024-11-10,6.81,0.92,0.349,0,13.0,30.9,0.74,4,cholera,6,Medium
V006,Village_6,16.35599,74.48518,10947,river,2024-11-17,7.02,1.52,0.3,0,3.3,21.7,0.74,6,typhoid,6,Medium
V006,Village_6,16.35599,74.48518,10947,river,2024-11-24,7.32,0.91,0.365,0,8.0,28.5,0.74,6,typhoid,4,Medium
V006,Village_6,16.35599,74.48518,10947,river,2024-12-01,7.36,1.12,0.218,0,3.9,28.3,0.74,4,diarrhea,6,Medium
V006,Village_6,16.35599,74.48518,10947,river,2024-12-08,7.2,1.25,0.182,0,13.8,33.9,0.74,6,cholera,26,High
V006,Village_6,16.35599,74.48518,10947,river,2024-12-15,7.3,3.48,0.492,0,4.7,25.5,0.74,26,hepatitis_a,8,High
V006,Village_6,16.35599,74.48518,10947,river,2024-12-22,6.44,0.73,0.415,0,15.8,26.7,0.74,8,cholera,6,Medium
V006,Village_6,16.35599,74.48518,10947,river,2024-12-29,6.87,1.23,0.222,0,10.2,25.7,0.74,6,typhoid,10,High
V007,Village_7,16.25808,73.89967,2385,handpump,2024-01-07,7.15,0.74,0.152,0,4.5,28.7,0.25,0,hepatitis_a,1,Low
V007,Village_7,16.25808,73.89967,2385,handpump,2024-01-14,6.95,1.56,0.495,0,6.0,31.2,0.25,1,cholera,2,Low
V007,Village_7,16.25808,73.89967,2385,handpump,2024-01-21,7.06,1.45,0.4,0,4.2,33.2,0.25,2,hepatitis_a,1,Low
V007,Village_7,16.25808,73.89967,2385,handpump,2024-01-28,6.73,1.19,0.526,0,10.1,29.5,0.25,1,diarrhea,1,Low
V007,Village_7,16.25808,73.89967,2385,handpump,2024-02-04,7.02,1.87,0.355,0,6.1,35.0,0.25,1,hepatitis_a,2,Low
V007,Village_7,16.25808,73.89967,2385,handpump,2024-02-11,6.75,0.67,0.342,0,12.9,25.9,0.25,2,typhoid,3,Medium
V007,Village_7,16.25808,73.89967,2385,handpump,2024-02-18,7.34,1.21,0.061,0,13.3,28.4,0.25,3,hepatitis_a,3,Medium
V007,Village_7,16.25808,73.89967,2385,handpump,2024-02-25,7.33,0.29,0.351,0,4.9,30.5,0.25,3,cholera,3,Medium
V007,Village_7,16.25808,73.89967,2385,handpump,2024-03-03,6.84,8.85,0.425,0,4.0,31.1,0.25,3,hepatitis_a,2,Low
V007,Village_7,16.25808,73.89967,2385,handpump,2024-03-10,6.73,1.98,0.141,0,2.4,28.7,0.25,2,hepatitis_a,1,Low
V007,Village_7,16.25808,73.89967,2385,handpump,2024-03-17,6.17,2.77,0.13,0,22.3,27.7,0.25,1,typhoid,2,Low
V007,Village_7,16.25808,73.89967,2385,handpump,2024-03-24,6.79,1.37,0.198,0,6.8,29.5,0.25,2,diarrhea,1,Low
V007,Village_7,16.25808,73.89967,2385,handpump,2024-03-31,6.61,5.57,0.303,1,4.4,31.9,0.25,1,hepatitis_a,3,Medium
V007,Village_7,16.25808,73.89967,2385,handpump,2024-04-07,6.38,3.76,0.421,0,7.7,28.8,0.25,3,cholera,3,Medium
V007,Village_7,16.25808,73.89967,2385,handpump,2024-04-14,7.35,0.99,0.396,0,3.6,36.4,0.25,3,typhoid,0,Low
V007,Village_7,16.25808,73.89967,2385,handpump,2024-04-21,7.16,2.06,0.324,0,6.5,27.1,0.25,0,cholera,2,Low
V007,Village_7,16.25808,73.89967,2385,handpump,2024-04-28,7.1,3.89,0.276,0,7.9,27.0,0.25,2,typhoid,3,Medium
V007,Village_7,16.25808,73.89967,2385,handpump,2024-05-05,7.05,0.83,0.299,0,11.8,32.0,0.25,3,cholera,1,Low
V007,Village_7,16.25808,73.89967,2385,handpump,2024-05-12,7.03,4.8,0.278,0,4.8,34.4,0.25,1,typhoid,2,Low
V007,Village_7,16.25808,73.89967,2385,handpump,2024-05-19,7.08,0.75,0.367,0,3.1,35.8,0.25,2,diarrhea,1,Low
V007,Village_7,16.25808,73.89967,2385,handpump,2024-05-26,7.48,4.91,0.389,0,2.8,26.7,0.25,1,cholera,3,Medium
V007,Village_7,16.25808,73.89967,2385,handpump,2024-06-02,6.43,1.69,0.212,0,4.4,31.3,0.25,3,cholera,1,Low
V007,Village_7,16.25808,73.89967,2385,handpump,2024-06-09,6.9,14.88,0.082,1,31.4,22.7,0.25,1,diarrhea,7,High
V007,Village_7,16.25808,73.89967,2385,handpump,2024-06-16,6.79,0.6,0.0,0,25.0,26.5,0.25,7,cholera,4,Medium
V007,Village_7,16.25808,73.89967,2385,handpump,2024-06-23,6.74,4.09,0.182,0,26.7,23.8,0.25,4,cholera,4,Medium
V007,Village_7,16.25808,73.89967,2385,handpump,2024-06-30,6.92,2.83,0.148,0,26.7,25.4,0.25,4,diarrhea,2,Low
V007,Village_7,16.25808,73.89967,2385,handpump,2024-07-07,6.48,3.37,0.186,1,10.5,28.9,0.25,2,hepatitis_a,6,Medium
V007,Village_7,16.25808,73.89967,2385,handpump,2024-07-14,6.32,2.93,0.13,0,84.3,26.2,0.25,6,cholera,2,Low
V007,Village_7,16.25808,73.89967,2385,handpump,2024-07-21,6.94,2.36,0.037,0,21.2,22.5,0.25,2,diarrhea,4,Medium
V007,Village_7,16.25808,73.89967,2385,handpump,2024-07-28,6.88,8.95,0.195,1,34.3,29.3,0.25,4,hepatitis_a,7,High
V007,Village_7,16.25808,73.89967,2385,handpump,2024-08-04,6.76,6.51,0.287,0,64.4,25.0,0.25,7,cholera,3,Medium
V007,Village_7,16.25808,73.89967,2385,handpump,2024-08-11,6.96,6.51,0.228,0,41.1,28.6,0.25,3,hepatitis_a,3,Medium
V007,Village_7,16.25808,73.89967,2385,handpump,2024-08-18,6.55,0.67,0.09,0,42.8,25.1,0.25,3,typhoid,2,Low
V007,Village_7,16.25808,73.89967,2385,handpump,2024-08-25,7.14,14.07,0.371,0,47.7,26.3,0.25,2,diarrhea,4,Medium
V007,Village_7,16.25808,73.89967,2385,handpump,2024-09-01,6.85,11.28,0.0,1,22.4,29.6,0.25,4,typhoid,6,Medium
V007,Village_7,16.25808,73.89967,2385,handpump,2024-09-08,7.41,5.11,0.128,1,14.0,22.6,0.25,6,cholera,4,Medium
V007,Village_7,16.25808,73.89967,2385,handpump,2024-09-15,6.69,0.34,0.208,0,7.5,29.0,0.25,4,diarrhea,2,Low
V007,Village_7,16.25808,73.89967,2385,handpump,2024-09-22,6.28,6.28,0.481,1,13.6,22.8,0.25,2,hepatitis_a,3,Medium
V007,Village_7,16.25808,73.89967,2385,handpump,2024-09-29,6.56,0.21,0.305,0,0.8,29.8,0.25,3,diarrhea,1,Low
V007,Village_7,16.25808,73.89967,2385,handpump,2024-10-06,7.0,7.06,0.459,0,6.1,27.1,0.25,1,typhoid,1,Low
V007,Village_7,16.25808,73.89967,2385,handpump,2024-10-13,6.05,2.69,0.223,0,1.1,28.4,0.25,1,diarrhea,2,Low
V007,Village_7,16.25808,73.89967,2385,handpump,2024-10-20,6.61,0.48,0.27,0,23.7,29.1,0.25,2,cholera,2,Low
V007,Village_7,16.25808,73.89967,2385,handpump,2024-10-27,7.19,3.43,0.351,0,3.0,27.1,0.25,2,diarrhea,2,Low
V007,Village_7,16.25808,73.89967,2385,handpump,2024-11-03,7.46,1.14,0.288,0,13.9,30.4,0.25,2,diarrhea,1,Low
V007,Village_7,16.25808,73.89967,2385,handpump,2024-11-10,6.6,4.96,0.191,0,6.3,30.7,0.25,1,typhoid,1,Low
V007,Village_7,16.25808,73.89967,2385,handpump,2024-11-17,7.69,2.63,0.301,0,12.6,30.0,0.25,1,typhoid,2,Low
V007,Village_7,16.25808,73.89967,2385,handpump,2024-11-24,6.49,0.92,0.31,0,5.6,33.5,0.25,2,typhoid,1,Low
V007,Village_7,16.25808,73.89967,2385,handpump,2024-12-01,7.14,1.68,0.122,0,8.6,29.5,0.25,1,cholera,1,Low
V007,Village_7,16.25808,73.89967,2385,handpump,2024-12-08,7.34,0.93,0.266,0,12.0,33.5,0.25,1,typhoid,2,Low
V007,Village_7,16.25808,73.89967,2385,handpump,2024-12-15,7.82,1.26,0.297,0,9.1,30.6,0.25,2,hepatitis_a,1,Low
V007,Village_7,16.25808,73.89967,2385,handpump,2024-12-22,7.17,1.28,0.235,0,2.2,30.9,0.25,1,hepatitis_a,2,Low
V007,Village_7,16.25808,73.89967,2385,handpump,2024-12-29,7.5,4.7,0.284,0,4.1,29.9,0.25,2,cholera,3,Medium
V008,Village_8,17.06618,74.21423,4743,river,2024-01-07,7.54,1.22,0.206,0,7.5,31.1,0.45,0,typhoid,3,Medium
V008,Village_8,17.06618,74.21423,4743,river,2024-01-14,5.89,1.17,0.342,0,5.0,26.2,0.45,3,diarrhea,6,Medium
V008,Village_8,17.06618,74.21423,4743,river,2024-01-21,6.31,1.68,0.377,0,5.8,30.4,0.45,6,cholera,3,Medium
V008,Village_8,17.06618,74.21423,4743,river,2024-01-28,6.56,1.89,0.166,0,0.8,33.2,0.45,3,diarrhea,3,Medium
V008,Village_8,17.06618,74.21423,4743,river,2024-02-04,7.34,1.64,0.343,0,2.5,35.2,0.45,3,cholera,3,Medium
V008,Village_8,17.06618,74.21423,4743,river,2024-02-11,7.25,6.05,0.235,0,2.1,30.5,0.45,3,cholera,6,Medium
V008,Village_8,17.06618,74.21423,4743,river,2024-02-18,7.41,4.57,0.299,0,7.8,27.0,0.45,6,cholera,4,Medium
V008,Village_8,17.06618,74.21423,4743,river,2024-02-25,7.33,3.77,0.202,0,12.6,28.8,0.45,4,typhoid,1,Low
V008,Village_8,17.06618,74.21423,4743,river,2024-03-03,7.58,0.93,0.415,0,5.0,31.5,0.45,1,diarrhea,3,Medium
V008,Village_8,17.06618,74.21423,4743,river,2024-03-10,6.83,2.76,0.184,0,4.4,28.1,0.45,3,typhoid,6,Medium
V008,Village_8,17.06618,74.21423,4743,river,2024-03-17,7.33,1.99,0.318,0,9.8,26.3,0.45,6,typhoid,0,Low
V008,Village_8,17.06618,74.21423,4743,river,2024-03-24,6.68,5.24,0.23,0,7.4,32.4,0.45,0,typhoid,4,Medium
V008,Village_8,17.06618,74.21423,4743,river,2024-03-31,7.29,1.11,0.369,0,8.0,27.6,0.45,4,typhoid,1,Low
V008,Village_8,17.06618,74.21423,4743,river,2024-04-07,6.74,0.5,0.123,0,5.9,34.0,0.45,1,diarrhea,5,Medium
V008,Village_8,17.06618,74.21423,4743,river,2024-04-14,6.62,4.31,0.22,0,3.4,32.7,0.45,5,typhoid,3,Medium
V008,Village_8,17.06618,74.21423,4743,river,2024-04-21,7.12,4.7,0.379,0,5.4,33.2,0.45,3,typhoid,8,High
V008,Village_8,17.06618,74.21423,4743,river,2024-04-28,7.14,2.97,0.341,0,3.1,31.5,0.45,8,diarrhea,3,Medium
V008,Village_8,17.06618,74.21423,4743,river,2024-05-05,6.33,0.35,0.302,0,7.9,29.9,0.45,3,cholera,1,Low
V008,Village_8,17.06618,74.21423,4743,river,2024-05-12,6.62,2.03,0.341,0,13.7,34.8,0.45,1,cholera,1,Low
V008,Village_8,17.06618,74.21423,4743,river,2024-05-19,7.27,2.48,0.21,0,15.5,32.1,0.45,1,hepatitis_a,2,Low
V008,Village_8,17.06618,74.21423,4743,river,2024-05-26,6.74,1.43,0.339,0,3.2,29.3,0.45,2,cholera,3,Medium
V008,Village_8,17.06618,74.21423,4743,river,2024-06-02,6.84,0.58,0.117,0,14.2,27.7,0.45,3,cholera,6,Medium
V008,Village_8,17.06618,74.21423,4743,river,2024-06-09,6.99,11.25,0.271,0,3.9,25.9,0.45,6,typhoid,11,High
V008,Village_8,17.06618,74.21423,4743,river,2024-06-16,7.41,3.69,0.217,0,6.3,25.2,0.45,11,hepatitis_a,4,Medium
V008,Village_8,17.06618,74.21423,4743,river,2024-06-23,7.12,3.55,0.011,0,8.1,30.3,0.45,4,diarrhea,5,Medium
V008,Village_8,17.06618,74.21423,4743,river,2024-06-30,7.63,3.4,0.117,0,10.4,23.2,0.45,5,hepatitis_a,6,Medium
V008,Village_8,17.06618,74.21423,4743,river,2024-07-07,6.81,7.8,0.069,1,37.4,27.8,0.45,6,cholera,11,High
V008,Village_8,17.06618,74.21423,4743,river,2024-07-14,7.21,4.71,0.113,0,31.8,24.6,0.45,11,diarrhea,1,Low
V008,Village_8,17.06618,74.21423,4743,river,2024-07-21,6.67,6.79,0.102,1,10.4,24.0,0.45,1,cholera,6,Medium
V008,Village_8,17.06618,74.21423,4743,river,2024-07-28,7.02,5.75,0.248,0,12.1,21.8,0.45,6,typhoid,4,Medium
V008,Village_8,17.06618,74.21423,4743,river,2024-08-04,7.16,12.43,0.167,1,78.4,29.0,0.45,4,cholera,17,High
V008,Village_8,17.06618,74.21423,4743,river,2024-08-11,6.21,5.21,0.247,0,27.4,27.5,0.45,17,hepatitis_a,6,Medium
V008,Village_8,17.06618,74.21423,4743,river,2024-08-18,6.54,3.47,0.1,0,21.8,27.1,0.45,6,typhoid,3,Medium
V008,Village_8,17.06618,74.21423,4743,river,2024-08-25,6.59,6.37,0.142,1,21.7,26.0,0.45,3,diarrhea,8,High
V008,Village_8,17.06618,74.21423,4743,river,2024-09-01,6.12,2.03,0.26,0,3.6,24.5,0.45,8,cholera,7,High
V008,Village_8,17.06618,74.21423,4743,river,2024-09-08,7.49,5.69,0.194,1,18.3,28.6,0.45,7,hepatitis_a,10,High
V008,Village_8,17.06618,74.21423,4743,river,2024-09-15,7.12,1.77,0.288,0,5.8,26.6,0.45,10,cholera,3,Medium
V008,Village_8,17.06618,74.21423,4743,river,2024-09-22,7.43,1.53,0.3,0,2.5,31.2,0.45,3,typhoid,4,Medium
V008,Village_8,17.06618,74.21423,4743,river,2024-09-29,7.27,1.52,0.09,0,8.4,30.3,0.45,4,typhoid,5,Medium
V008,Village_8,17.06618,74.21423,4743,river,2024-10-06,7.12,1.67,0.2,0,4.3,25.2,0.45,5,hepatitis_a,3,Medium
V008,Village_8,17.06618,74.21423,4743,river,2024-10-13,7.01,3.37,0.244,0,11.0,34.8,0.45,3,typhoid,5,Medium
V008,Village_8,17.06618,74.21423,4743,river,2024-10-20,6.71,3.49,0.236,0,7.2,32.7,0.45,5,cholera,3,Medium
V008,Village_8,17.06618,74.21423,4743,river,2024-10-27,6.73,3.75,0.519,0,6.7,30.7,0.45,3,cholera,5,Medium
V008,Village_8,17.06618,74.21423,4743,river,2024-11-03,7.56,3.54,0.289,0,22.8,24.5,0.45,5,hepatitis_a,2,Low
V008,Village_8,17.06618,74.21423,4743,river,2024-11-10,6.46,1.46,0.266,0,7.9,32.8,0.45,2,cholera,3,Medium
V008,Village_8,17.06618,74.21423,4743,river,2024-11-17,6.46,1.08,0.447,0,12.7,24.7,0.45,3,typhoid,4,Medium
V008,Village_8,17.06618,74.21423,4743,river,2024-11-24,7.93,2.36,0.396,0,6.5,24.8,0.45,4,hepatitis_a,2,Low
V008,Village_8,17.06618,74.21423,4743,river,2024-12-01,7.76,0.88,0.376,0,30.2,29.9,0.45,2,diarrhea,5,Medium
V008,Village_8,17.06618,74.21423,4743,river,2024-12-08,7.03,3.53,0.193,0,6.0,30.1,0.45,5,typhoid,3,Medium
V008,Village_8,17.06618,74.21423,4743,river,2024-12-15,6.76,1.6,0.286,0,15.5,29.9,0.45,3,hepatitis_a,0,Low
V008,Village_8,17.06618,74.21423,4743,river,2024-12-22,6.99,3.1,0.273,0,1.8,28.0,0.45,0,diarrhea,2,Low
V008,Village_8,17.06618,74.21423,4743,river,2024-12-29,7.23,5.93,0.326,0,16.3,32.1,0.45,2,cholera,4,Medium
V009,Village_9,16.80112,74.29241,8355,borewell,2024-01-07,7.4,1.69,0.29,0,6.5,29.6,0.28,0,typhoid,11,High
V009,Village_9,16.80112,74.29241,8355,borewell,2024-01-14,7.25,0.27,0.285,0,12.2,32.5,0.28,11,cholera,5,Medium
V009,Village_9,16.80112,74.29241,8355,borewell,2024-01-21,7.01,4.21,0.288,0,5.0,23.8,0.28,5,hepatitis_a,10,High
V009,Village_9,16.80112,74.29241,8355,borewell,2024-01-28,6.61,0.03,0.308,0,10.6,30.8,0.28,10,cholera,8,High
V009,Village_9,16.80112,74.29241,8355,borewell,2024-02-04,7.33,1.77,0.538,0,13.3,30.8,0.28,8,diarrhea,10,High
V009,Village_9,16.80112,74.29241,8355,borewell,2024-02-11,6.38,2.6,0.502,0,7.7,27.7,0.28,10,hepatitis_a,8,High
V009,Village_9,16.80112,74.29241,8355,borewell,2024-02-18,6.9,6.4,0.194,1,21.2,31.6,0.28,8,typhoid,16,High
V009,Village_9,16.80112,74.29241,8355,borewell,2024-02-25,6.41,0.55,0.269,0,1.1,29.9,0.28,16,diarrhea,5,Medium
V009,Village_9,16.80112,74.29241,8355,borewell,2024-03-03,7.17,1.05,0.327,0,0.9,24.1,0.28,5,typhoid,8,High
V009,Village_9,16.80112,74.29241,8355,borewell,2024-03-10,7.23,4.16,0.307,0,8.1,33.7,0.28,8,diarrhea,3,Medium
V009,Village_9,16.80112,74.29241,8355,borewell,2024-03-17,7.26,0.2,0.236,0,5.0,31.8,0.28,3,typhoid,8,High
V009,Village_9,16.80112,74.29241,8355,borewell,2024-03-24,6.99,0.91,0.218,0,14.0,29.1,0.28,8,typhoid,8,High
V009,Village_9,16.80112,74.29241,8355,borewell,2024-03-31,6.74,4.58,0.274,0,0.6,29.2,0.28,8,cholera,3,Medium
V009,Village_9,16.80112,74.29241,8355,borewell,2024-04-07,6.94,4.63,0.398,0,6.5,29.5,0.28,3,typhoid,10,High
V009,Village_9,16.80112,74.29241,8355,borewell,2024-04-14,6.9,1.1,0.246,1,13.0,25.2,0.28,10,cholera,8,High
V009,Village_9,16.80112,74.29241,8355,borewell,2024-04-21,6.42,7.8,0.464,0,3.8,30.5,0.28,8,cholera,13,High
V009,Village_9,16.80112,74.29241,8355,borewell,2024-04-28,7.16,3.11,0.338,0,10.9,31.9,0.28,13,cholera,6,Medium
V009,Village_9,16.80112,74.29241,8355,borewell,2024-05-05,7.07,4.39,0.446,0,8.7,35.6,0.28,6,cholera,6,Medium
V009,Village_9,16.80112,74.29241,8355,borewell,2024-05-12,7.24,1.77,0.485,0,2.5,29.8,0.28,6,typhoid,6,Medium
V009,Village_9,16.80112,74.29241,8355,borewell,2024-05-19,6.71,3.04,0.331,0,4.2,29.5,0.28,6,hepatitis_a,5,Medium
V009,Village_9,16.80112,74.29241,8355,borewell,2024-05-26,7.1,4.21,0.152,0,1.9,23.5,0.28,5,typhoid,10,High
V009,Village_9,16.80112,74.29241,8355,borewell,2024-06-02,6.52,0.4,0.175,0,11.2,28.5,0.28,10,hepatitis_a,6,Medium
V009,Village_9,16.80112,74.29241,8355,borewell,2024-06-09,5.77,3.1,0.032,0,14.6,22.9,0.28,6,typhoid,10,High
V009,Village_9,16.80112,74.29241,8355,borewell,2024-06-16,7.3,6.81,0.227,0,43.3,28.5,0.28,10,hepatitis_a,13,High
V009,Village_9,16.80112,74.29241,8355,borewell,2024-06-23,7.13,8.13,0.136,1,42.7,25.3,0.28,13,cholera,21,High
V009,Village_9,16.80112,74.29241,8355,borewell,2024-06-30,7.02,6.82,0.026,1,6.5,28.1,0.28,21,cholera,16,High
V009,Village_9,16.80112,74.29241,8355,borewell,2024-07-07,7.03,6.23,0.175,1,24.8,30.8,0.28,16,typhoid,13,High
V009,Village_9,16.80112,74.29241,8355,borewell,2024-07-14,6.72,4.69,0.0,0,15.3,29.0,0.28,13,cholera,15,High
V009,Village_9,16.80112,74.29241,8355,borewell,2024-07-21,7.28,11.29,0.0,1,34.3,22.2,0.28,15,cholera,23,High
V009,Village_9,16.80112,74.29241,8355,borewell,2024-07-28,7.47,1.75,0.099,0,36.8,21.9,0.28,23,cholera,15,High
V009,Village_9,16.80112,74.29241,8355,borewell,2024-08-04,6.73,1.57,0.0,0,34.6,24.7,0.28,15,diarrhea,5,Medium
V009,Village_9,16.80112,74.29241,8355,borewell,2024-08-11,7.31,2.38,0.193,0,12.7,28.3,0.28,5,diarrhea,5,Medium
V009,Village_9,16.80112,74.29241,8355,borewell,2024-08-18,6.85,1.41,0.364,0,7.9,28.9,0.28,5,hepatitis_a,5,Medium
V009,Village_9,16.80112,74.29241,8355,borewell,2024-08-25,7.13,3.26,0.111,0,4.6,26.7,0.28,5,cholera,10,High
V009,Village_9,16.80112,74.29241,8355,borewell,2024-09-01,7.0,3.46,0.184,0,25.6,28.1,0.28,10,diarrhea,3,Medium
V009,Village_9,16.80112,74.29241,8355,borewell,2024-09-08,7.01,3.05,0.133,0,16.0,27.9,0.28,3,hepatitis_a,5,Medium
V009,Village_9,16.80112,74.29241,8355,borewell,2024-09-15,7.45,2.37,0.35,0,14.9,34.6,0.28,5,typhoid,11,High
V009,Village_9,16.80112,74.29241,8355,borewell,2024-09-22,6.65,0.92,0.369,0,1.1,31.1,0.28,11,hepatitis_a,8,High
V009,Village_9,16.80112,74.29241,8355,borewell,2024-09-29,6.87,3.91,0.283,0,9.5,29.3,0.28,8,diarrhea,8,High
V009,Village_9,16.80112,74.29241,8355,borewell,2024-10-06,7.34,1.23,0.309,0,10.8,33.5,0.28,8,cholera,11,High
V009,Village_9,16.80112,74.29241,8355,borewell,2024-10-13,6.51,0.33,0.477,0,8.2,32.3,0.28,11,cholera,6,Medium
V009,Village_9,16.80112,74.29241,8355,borewell,2024-10-20,6.84,1.22,0.506,0,14.1,28.4,0.28,6,cholera,11,High
V009,Village_9,16.80112,74.29241,8355,borewell,2024-10-27,7.2,4.89,0.285,0,3.3,30.5,0.28,11,typhoid,10,High
V009,Village_9,16.80112,74.29241,8355,borewell,2024-11-03,7.61,2.04,0.273,0,8.9,31.5,0.28,10,hepatitis_a,8,High
V009,Village_9,16.80112,74.29241,8355,borewell,2024-11-10,6.78,1.2,0.535,0,0.4,30.2,0.28,8,typhoid,5,Medium
V009,Village_9,16.80112,74.29241,8355,borewell,2024-11-17,6.8,1.95,0.231,0,19.0,32.5,0.28,5,diarrhea,6,Medium
V009,Village_9,16.80112,74.29241,8355,borewell,2024-11-24,6.59,6.03,0.357,1,2.9,28.7,0.28,6,hepatitis_a,10,High
V009,Village_9,16.80112,74.29241,8355,borewell,2024-12-01,7.03,2.12,0.403,0,3.3,35.7,0.28,10,hepatitis_a,1,Low
V009,Village_9,16.80112,74.29241,8355,borewell,2024-12-08,7.14,0.63,0.21,0,10.4,29.9,0.28,1,hepatitis_a,3,Medium
V009,Village_9,16.80112,74.29241,8355,borewell,2024-12-15,6.7,0.74,0.269,1,12.2,27.0,0.28,3,hepatitis_a,10,High
V009,Village_9,16.80112,74.29241,8355,borewell,2024-12-22,6.67,2.3,0.37,0,12.2,28.8,0.28,10,typhoid,5,Medium
V009,Village_9,16.80112,74.29241,8355,borewell,2024-12-29,7.12,0.87,0.113,0,6.8,26.5,0.28,5,hepatitis_a,5,Medium
V010,Village_10,16.90807,73.74645,3873,pond,2024-01-07,7.28,1.15,0.338,0,2.9,31.5,0.8,0,hepatitis_a,0,Low
V010,Village_10,16.90807,73.74645,3873,pond,2024-01-14,6.24,0.84,0.304,0,3.6,31.4,0.8,0,cholera,0,Low
V010,Village_10,16.90807,73.74645,3873,pond,2024-01-21,6.89,0.35,0.175,0,7.6,34.7,0.8,0,diarrhea,3,Medium
V010,Village_10,16.90807,73.74645,3873,pond,2024-01-28,7.31,2.59,0.176,0,15.9,27.3,0.8,3,typhoid,1,Low
V010,Village_10,16.90807,73.74645,3873,pond,2024-02-04,6.56,5.18,0.366,0,10.2,24.3,0.8,1,diarrhea,0,Low
V010,Village_10,16.90807,73.74645,3873,pond,2024-02-11,6.63,4.2,0.187,0,0.8,27.3,0.8,0,hepatitis_a,2,Low
V010,Village_10,16.90807,73.74645,3873,pond,2024-02-18,7.49,1.62,0.424,0,4.0,27.6,0.8,2,diarrhea,1,Low
V010,Village_10,16.90807,73.74645,3873,pond,2024-02-25,7.23,2.17,0.316,0,7.1,33.7,0.8,1,hepatitis_a,1,Low
V010,Village_10,16.90807,73.74645,3873,pond,2024-03-03,6.81,0.46,0.161,0,9.3,32.0,0.8,1,cholera,1,Low
V010,Village_10,16.90807,73.74645,3873,pond,2024-03-10,6.61,2.57,0.334,0,7.4,32.7,0.8,1,diarrhea,3,Medium
V010,Village_10,16.90807,73.74645,3873,pond,2024-03-17,5.84,1.13,0.282,0,2.1,24.0,0.8,3,cholera,6,Medium
V010,Village_10,16.90807,73.74645,3873,pond,2024-03-24,7.35,2.28,0.043,0,9.4,26.0,0.8,6,cholera,4,Medium
V010,Village_10,16.90807,73.74645,3873,pond,2024-03-31,6.73,2.69,0.375,0,3.8,33.5,0.8,4,diarrhea,6,Medium
V010,Village_10,16.90807,73.74645,3873,pond,2024-04-07,7.15,1.78,0.183,0,3.5,25.6,0.8,6,cholera,2,Low
V010,Village_10,16.90807,73.74645,3873,pond,2024-04-14,7.05,3.53,0.326,0,8.8,27.9,0.8,2,hepatitis_a,3,Medium
V010,Village_10,16.90807,73.74645,3873,pond,2024-04-21,6.35,0.49,0.426,0,15.5,30.9,0.8,3,cholera,0,Low
V010,Village_10,16.90807,73.74645,3873,pond,2024-04-28,7.25,2.22,0.465,0,2.4,26.5,0.8,0,hepatitis_a,3,Medium
V010,Village_10,16.90807,73.74645,3873,pond,2024-05-05,6.81,0.75,0.511,0,1.9,28.3,0.8,3,typhoid,1,Low
V010,Village_10,16.90807,73.74645,3873,pond,2024-05-12,6.53,3.16,0.347,0,14.7,29.1,0.8,1,diarrhea,3,Medium
V010,Village_10,16.90807,73.74645,3873,pond,2024-05-19,7.53,1.17,0.327,0,4.5,30.4,0.8,3,cholera,3,Medium
V010,Village_10,16.90807,73.74645,3873,pond,2024-05-26,7.06,2.19,0.245,1,2.4,29.0,0.8,3,cholera,2,Low
V010,Village_10,16.90807,73.74645,3873,pond,2024-06-02,7.52,6.9,0.282,0,11.0,33.9,0.8,2,hepatitis_a,3,Medium
V010,Village_10,16.90807,73.74645,3873,pond,2024-06-09,6.46,13.6,0.236,0,31.1,26.0,0.8,3,hepatitis_a,7,High
V010,Village_10,16.90807,73.74645,3873,pond,2024-06-16,7.58,0.8,0.149,0,65.4,32.3,0.8,7,hepatitis_a,6,Medium
V010,Village_10,16.90807,73.74645,3873,pond,2024-06-23,7.13,11.78,0.305,0,44.0,28.2,0.8,6,diarrhea,3,Medium
V010,Village_10,16.90807,73.74645,3873,pond,2024-06-30,7.3,3.3,0.166,0,34.5,23.6,0.8,3,diarrhea,3,Medium
V010,Village_10,16.90807,73.74645,3873,pond,2024-07-07,6.56,2.7,0.212,0,27.3,26.7,0.8,3,hepatitis_a,3,Medium
V010,Village_10,16.90807,73.74645,3873,pond,2024-07-14,7.04,24.54,0.231,0,60.2,25.3,0.8,3,hepatitis_a,10,High
V010,Village_10,16.90807,73.74645,3873,pond,2024-07-21,6.42,11.72,0.068,1,35.1,28.9,0.8,10,diarrhea,6,Medium
V010,Village_10,16.90807,73.74645,3873,pond,2024-07-28,6.84,8.51,0.069,1,17.5,28.3,0.8,6,typhoid,3,Medium
V010,Village_10,16.90807,73.74645,3873,pond,2024-08-04,6.65,19.36,0.339,0,69.8,30.0,0.8,3,diarrhea,9,High
V010,Village_10,16.90807,73.74645,3873,pond,2024-08-11,7.49,1.61,0.264,0,44.9,24.1,0.8,9,diarrhea,0,Low
V010,Village_10,16.90807,73.74645,3873,pond,2024-08-18,7.36,1.06,0.0,0,25.4,26.3,0.8,0,diarrhea,4,Medium
V010,Village_10,16.90807,73.74645,3873,pond,2024-08-25,6.96,5.13,0.096,1,10.4,25.3,0.8,4,diarrhea,5,Medium
V010,Village_10,16.90807,73.74645,3873,pond,2024-09-01,6.24,1.88,0.146,0,57.5,29.2,0.8,5,hepatitis_a,3,Medium
V010,Village_10,16.90807,73.74645,3873,pond,2024-09-08,7.32,3.98,0.022,0,3.4,30.3,0.8,3,diarrhea,5,Medium
V010,Village_10,16.90807,73.74645,3873,pond,2024-09-15,6.48,0.28,0.252,0,1.3,36.5,0.8,5,hepatitis_a,2,Low
V010,Village_10,16.90807,73.74645,3873,pond,2024-09-22,6.32,1.93,0.323,0,5.9,35.6,0.8,2,diarrhea,0,Low
V010,Village_10,16.90807,73.74645,3873,pond,2024-09-29,6.99,1.49,0.404,0,3.0,30.9,0.8,0,diarrhea,3,Medium
V010,Village_10,16.90807,73.74645,3873,pond,2024-10-06,6.54,2.76,0.294,0,25.4,28.8,0.8,3,typhoid,4,Medium
V010,Village_10,16.90807,73.74645,3873,pond,2024-10-13,6.12,0.77,0.261,0,2.4,30.1,0.8,4,typhoid,1,Low
V010,Village_10,16.90807,73.74645,3873,pond,2024-10-20,7.32,2.38,0.25,0,2.1,33.9,0.8,1,hepatitis_a,1,Low
V010,Village_10,16.90807,73.74645,3873,pond,2024-10-27,7.17,1.73,0.196,0,3.4,32.7,0.8,1,diarrhea,2,Low
V010,Village_10,16.90807,73.74645,3873,pond,2024-11-03,6.19,1.53,0.459,0,11.9,28.1,0.8,2,cholera,3,Medium
V010,Village_10,16.90807,73.74645,3873,pond,2024-11-10,6.96,1.22,0.388,0,5.7,29.0,0.8,3,typhoid,2,Low
V010,Village_10,16.90807,73.74645,3873,pond,2024-11-17,7.37,2.45,0.236,0,3.8,29.6,0.8,2,hepatitis_a,4,Medium
V010,Village_10,16.90807,73.74645,3873,pond,2024-11-24,6.86,4.78,0.42,0,9.3,28.8,0.8,4,hepatitis_a,2,Low
V010,Village_10,16.90807,73.74645,3873,pond,2024-12-01,6.74,1.07,0.388,0,8.6,30.8,0.8,2,typhoid,0,Low
V010,Village_10,16.90807,73.74645,3873,pond,2024-12-08,7.25,1.83,0.397,0,6.9,27.2,0.8,0,typhoid,1,Low
V010,Village_10,16.90807,73.74645,3873,pond,2024-12-15,6.73,3.01,0.34,0,2.0,28.5,0.8,1,diarrhea,3,Medium
V010,Village_10,16.90807,73.74645,3873,pond,2024-12-22,7.16,1.63,0.281,0,0.8,29.6,0.8,3,typhoid,1,Low
V010,Village_10,16.90807,73.74645,3873,pond,2024-12-29,7.32,2.29,0.282,0,7.4,26.8,0.8,1,diarrhea,3,Medium
V011,Village_11,16.22058,74.30754,1821,pond,2024-01-07,6.22,5.96,0.296,0,9.2,33.8,0.64,0,cholera,4,Medium
V011,Village_11,16.22058,74.30754,1821,pond,2024-01-14,6.8,1.83,0.371,1,6.6,29.9,0.64,4,typhoid,3,Medium
V011,Village_11,16.22058,74.30754,1821,pond,2024-01-21,7.2,3.9,0.436,0,1.0,31.0,0.64,3,cholera,2,Low
V011,Village_11,16.22058,74.30754,1821,pond,2024-01-28,7.73,2.0,0.373,0,5.6,33.3,0.64,2,cholera,1,Low
V011,Village_11,16.22058,74.30754,1821,pond,2024-02-04,6.24,2.91,0.25,0,7.4,29.0,0.64,1,typhoid,1,Low
V011,Village_11,16.22058,74.30754,1821,pond,2024-02-11,7.16,0.49,0.312,0,6.0,28.0,0.64,1,typhoid,1,Low
V011,Village_11,16.22058,74.30754,1821,pond,2024-02-18,7.32,1.79,0.179,0,3.4,32.0,0.64,1,diarrhea,4,Medium
V011,Village_11,16.22058,74.30754,1821,pond,2024-02-25,7.12,1.32,0.233,0,8.4,30.5,0.64,4,diarrhea,2,Low
V011,Village_11,16.22058,74.30754,1821,pond,2024-03-03,7.49,0.9,0.354,0,2.2,30.3,0.64,2,cholera,2,Low
V011,Village_11,16.22058,74.30754,1821,pond,2024-03-10,6.64,4.74,0.251,0,16.8,26.5,0.64,2,hepatitis_a,2,Low
V011,Village_11,16.22058,74.30754,1821,pond,2024-03-17,7.52,5.12,0.196,1,10.7,26.3,0.64,2,diarrhea,2,Low
V011,Village_11,16.22058,74.30754,1821,pond,2024-03-24,7.28,3.61,0.36,0,8.4,26.9,0.64,2,hepatitis_a,1,Low
V011,Village_11,16.22058,74.30754,1821,pond,2024-03-31,7.33,4.18,0.231,0,8.3,31.1,0.64,1,diarrhea,4,Medium
V011,Village_11,16.22058,74.30754,1821,pond,2024-04-07,7.26,2.99,0.097,0,5.8,32.0,0.64,4,cholera,4,Medium
V011,Village_11,16.22058,74.30754,1821,pond,2024-04-14,6.47,2.91,0.287,0,2.5,31.7,0.64,4,diarrhea,1,Low
V011,Village_11,16.22058,74.30754,1821,pond,2024-04-21,7.31,5.65,0.294,0,9.7,29.8,0.64,1,diarrhea,1,Low
V011,Village_11,16.22058,74.30754,1821,pond,2024-04-28,7.51,2.16,0.352,0,5.2,34.8,0.64,1,cholera,2,Low
V011,Village_11,16.22058,74.30754,1821,pond,2024-05-05,7.76,0.6,0.184,0,6.7,24.6,0.64,2,cholera,1,Low
V011,Village_11,16.22058,74.30754,1821,pond,2024-05-12,6.94,3.89,0.413,0,10.9,32.0,0.64,1,cholera,3,Medium
V011,Village_11,16.22058,74.30754,1821,pond,2024-05-19,7.56,3.32,0.231,0,8.4,29.0,0.64,3,hepatitis_a,0,Low
V011,Village_11,16.22058,74.30754,1821,pond,2024-05-26,6.84,1.6,0.266,0,4.8,27.7,0.64,0,diarrhea,1,Low
V011,Village_11,16.22058,74.30754,1821,pond,2024-06-02,6.62,0.44,0.219,0,6.5,31.7,0.64,1,cholera,1,Low
V011,Village_11,16.22058,74.30754,1821,pond,2024-06-09,7.33,5.95,0.141,1,7.6,30.6,0.64,1,typhoid,2,Low
V011,Village_11,16.22058,74.30754,1821,pond,2024-06-16,7.17,11.08,0.097,1,14.7,28.8,0.64,2,cholera,5,Medium
V011,Village_11,16.22058,74.30754,1821,pond,2024-06-23,6.3,1.55,0.171,0,41.6,25.8,0.64,5,typhoid,4,Medium
V011,Village_11,16.22058,74.30754,1821,pond,2024-06-30,6.83,0.18,0.047,0,13.8,24.5,0.64,4,diarrhea,1,Low
V011,Village_11,16.22058,74.30754,1821,pond,2024-07-07,7.57,8.4,0.174,1,65.4,25.1,0.64,1,diarrhea,6,Medium
V011,Village_11,16.22058,74.30754,1821,pond,2024-07-14,7.35,6.59,0.0,1,30.9,25.7,0.64,6,diarrhea,6,Medium
V011,Village_11,16.22058,74.30754,1821,pond,2024-07-21,6.96,2.14,0.202,0,40.1,24.7,0.64,6,cholera,0,Low
V011,Village_11,16.22058,74.30754,1821,pond,2024-07-28,7.15,3.34,0.0,0,21.8,27.1,0.64,0,typhoid,4,Medium
V011,Village_11,16.22058,74.30754,1821,pond,2024-08-04,7.29,0.39,0.033,0,41.7,27.3,0.64,4,diarrhea,4,Medium
V011,Village_11,16.22058,74.30754,1821,pond,2024-08-11,7.17,10.86,0.256,0,7.3,26.8,0.64,4,cholera,2,Low
V011,Village_11,16.22058,74.30754,1821,pond,2024-08-18,7.47,4.26,0.29,0,4.9,23.9,0.64,2,cholera,3,Medium
V011,Village_11,16.22058,74.30754,1821,pond,2024-08-25,6.98,5.0,0.246,0,32.9,23.0,0.64,3,typhoid,2,Low
V011,Village_11,16.22058,74.30754,1821,pond,2024-09-01,6.4,3.15,0.078,0,86.8,31.5,0.64,2,hepatitis_a,5,Medium
V011,Village_11,16.22058,74.30754,1821,pond,2024-09-08,6.93,21.35,0.09,1,24.8,27.6,0.64,5,hepatitis_a,8,High
V011,Village_11,16.22058,74.30754,1821,pond,2024-09-15,7.34,2.03,0.469,0,3.4,27.4,0.64,8,typhoid,2,Low
V011,Village_11,16.22058,74.30754,1821,pond,2024-09-22,7.45,4.11,0.451,0,10.4,33.5,0.64,2,typhoid,1,Low
V011,Village_11,16.22058,74.30754,1821,pond,2024-09-29,6.96,5.48,0.237,0,3.1,35.1,0.64,1,hepatitis_a,4,Medium
V011,Village_11,16.22058,74.30754,1821,pond,2024-10-06,6.75,5.55,0.245,0,4.3,26.1,0.64,4,diarrhea,2,Low
V011,Village_11,16.22058,74.30754,1821,pond,2024-10-13,7.47,0.38,0.231,0,11.4,31.2,0.64,2,hepatitis_a,1,Low
V011,Village_11,16.22058,74.30754,1821,pond,2024-10-20,7.0,1.87,0.293,0,5.1,29.9,0.64,1,hepatitis_a,1,Low
V011,Village_11,16.22058,74.30754,1821,pond,2024-10-27,6.32,0.75,0.287,0,9.9,29.8,0.64,1,typhoid,1,Low
V011,Village_11,16.22058,74.30754,1821,pond,2024-11-03,6.69,0.47,0.387,0,9.3,27.2,0.64,1,diarrhea,1,Low
V011,Village_11,16.22058,74.30754,1821,pond,2024-11-10,6.36,3.3,0.198,0,14.0,28.9,0.64,1,hepatitis_a,1,Low
V011,Village_11,16.22058,74.30754,1821,pond,2024-11-17,6.46,3.81,0.235,0,10.8,33.4,0.64,1,cholera,0,Low
V011,Village_11,16.22058,74.30754,1821,pond,2024-11-24,6.99,2.95,0.252,0,2.8,30.6,0.64,0,hepatitis_a,2,Low
V011,Village_11,16.22058,74.30754,1821,pond,2024-12-01,6.82,3.04,0.351,0,1.4,29.2,0.64,2,cholera,1,Low
V011,Village_11,16.22058,74.30754,1821,pond,2024-12-08,6.45,1.13,0.341,0,9.6,29.2,0.64,1,cholera,1,Low
V011,Village_11,16.22058,74.30754,1821,pond,2024-12-15,6.81,1.44,0.179,0,6.1,28.0,0.64,1,diarrhea,1,Low
V011,Village_11,16.22058,74.30754,1821,pond,2024-12-22,7.57,1.66,0.359,0,11.7,32.1,0.64,1,typhoid,1,Low
V011,Village_11,16.22058,74.30754,1821,pond,2024-12-29,7.6,1.64,0.323,0,1.9,29.1,0.64,1,cholera,0,Low
V012,Village_12,17.16991,73.87052,11605,pond,2024-01-07,7.13,2.53,0.184,0,10.7,29.0,0.43,0,hepatitis_a,6,Medium
V012,Village_12,17.16991,73.87052,11605,pond,2024-01-14,6.86,2.29,0.259,0,4.6,28.9,0.43,6,cholera,16,High
V012,Village_12,17.16991,73.87052,11605,pond,2024-01-21,7.42,0.69,0.333,0,3.6,26.2,0.43,16,hepatitis_a,16,High
V012,Village_12,17.16991,73.87052,11605,pond,2024-01-28,7.21,0.44,0.456,0,17.3,23.4,0.43,16,cholera,13,High
V012,Village_12,17.16991,73.87052,11605,pond,2024-02-04,7.21,1.77,0.149,0,3.1,31.7,0.43,13,cholera,16,High
V012,Village_12,17.16991,73.87052,11605,pond,2024-02-11,7.13,0.11,0.379,0,12.0,31.3,0.43,16,cholera,2,Low
V012,Village_12,17.16991,73.87052,11605,pond,2024-02-18,6.94,3.69,0.107,0,4.5,26.2,0.43,2,cholera,9,High
V012,Village_12,17.16991,73.87052,11605,pond,2024-02-25,7.68,2.03,0.258,0,2.8,27.5,0.43,9,cholera,9,High
V012,Village_12,17.16991,73.87052,11605,pond,2024-03-03,6.97,4.87,0.307,0,10.6,34.0,0.43,9,cholera,20,High
V012,Village_12,17.16991,73.87052,11605,pond,2024-03-10,7.27,1.76,0.257,0,5.8,30.9,0.43,20,diarrhea,18,High
V012,Village_12,17.16991,73.87052,11605,pond,2024-03-17,7.22,1.59,0.197,0,14.7,27.7,0.43,18,typhoid,13,High
V012,Village_12,17.16991,73.87052,11605,pond,2024-03-24,6.9,5.5,0.28,0,1.9,30.4,0.43,13,hepatitis_a,16,High
V012,Village_12,17.16991,73.87052,11605,pond,2024-03-31,7.18,7.29,0.257,0,5.3,23.9,0.43,16,diarrhea,25,High
V012,Village_12,17.16991,73.87052,11605,pond,2024-04-07,6.57,3.61,0.344,0,6.1,37.1,0.43,25,typhoid,16,High
V012,Village_12,17.16991,73.87052,11605,pond,2024-04-14,7.16,2.4,0.373,0,19.2,33.2,0.43,16,cholera,11,High
V012,Village_12,17.16991,73.87052,11605,pond,2024-04-21,7.06,5.79,0.368,1,6.1,34.1,0.43,11,diarrhea,16,High
V012,Village_12,17.16991,73.87052,11605,pond,2024-04-28,7.79,7.36,0.179,1,11.1,35.5,0.43,16,hepatitis_a,13,High
V012,Village_12,17.16991,73.87052,11605,pond,2024-05-05,7.28,1.13,0.066,0,6.7,32.3,0.43,13,hepatitis_a,20,High
V012,Village_12,17.16991,73.87052,11605,pond,2024-05-12,7.5,1.99,0.205,0,3.4,34.1,0.43,20,typhoid,9,High
V012,Village_12,17.16991,73.87052,11605,pond,2024-05-19,7.15,4.39,0.271,0,2.6,29.0,0.43,9,typhoid,6,Medium
V012,Village_12,17.16991,73.87052,11605,pond,2024-05-26,6.58,4.36,0.349,0,9.3,20.9,0.43,6,typhoid,9,High
V012,Village_12,17.16991,73.87052,11605,pond,2024-06-02,7.02,2.19,0.431,0,2.8,30.1,0.43,9,hepatitis_a,16,High
V012,Village_12,17.16991,73.87052,11605,pond,2024-06-09,6.81,6.26,0.123,1,62.9,26.7,0.43,16,diarrhea,23,High
V012,Village_12,17.16991,73.87052,11605,pond,2024-06-16,7.52,4.08,0.244,0,37.1,24.0,0.43,23,typhoid,23,High
V012,Village_12,17.16991,73.87052,11605,pond,2024-06-23,7.38,8.04,0.21,0,10.9,23.7,0.43,23,diarrhea,23,High
V012,Village_12,17.16991,73.87052,11605,pond,2024-06-30,7.53,3.75,0.227,0,6.5,24.0,0.43,23,diarrhea,16,High
V012,Village_12,17.16991,73.87052,11605,pond,2024-07-07,7.22,3.78,0.478,0,2.6,22.1,0.43,16,hepatitis_a,16,High
V012,Village_12,17.16991,73.87052,11605,pond,2024-07-14,7.22,3.29,0.163,0,38.8,26.7,0.43,16,cholera,11,High
V012,Village_12,17.16991,73.87052,11605,pond,2024-07-21,7.41,0.05,0.037,0,51.1,23.3,0.43,11,cholera,4,Medium
V012,Village_12,17.16991,73.87052,11605,pond,2024-07-28,6.94,6.05,0.098,1,20.3,25.6,0.43,4,cholera,34,High
V012,Village_12,17.16991,73.87052,11605,pond,2024-08-04,7.3,1.92,0.059,1,18.8,22.9,0.43,34,hepatitis_a,25,High
V012,Village_12,17.16991,73.87052,11605,pond,2024-08-11,7.11,5.14,0.133,1,18.8,26.5,0.43,25,hepatitis_a,18,High
V012,Village_12,17.16991,73.87052,11605,pond,2024-08-18,6.98,11.74,0.287,0,29.2,22.3,0.43,18,diarrhea,20,High
V012,Village_12,17.16991,73.87052,11605,pond,2024-08-25,7.91,10.6,0.272,0,13.4,25.5,0.43,20,diarrhea,25,High
V012,Village_12,17.16991,73.87052,11605,pond,2024-09-01,6.8,4.71,0.07,0,26.1,23.4,0.43,25,cholera,16,High
V012,Village_12,17.16991,73.87052,11605,pond,2024-09-08,7.16,3.23,0.231,0,23.8,21.0,0.43,16,cholera,20,High
V012,Village_12,17.16991,73.87052,11605,pond,2024-09-15,6.85,0.75,0.095,0,6.5,28.4,0.43,20,diarrhea,13,High
V012,Village_12,17.16991,73.87052,11605,pond,2024-09-22,6.39,2.59,0.326,0,1.9,32.5,0.43,13,diarrhea,13,High
V012,Village_12,17.16991,73.87052,11605,pond,2024-09-29,7.35,1.29,0.397,0,9.6,29.6,0.43,13,typhoid,6,Medium
V012,Village_12,17.16991,73.87052,11605,pond,2024-10-06,6.88,3.33,0.151,0,5.4,26.6,0.43,6,typhoid,9,High
V012,Village_12,17.16991,73.87052,11605,pond,2024-10-13,6.42,4.47,0.367,0,5.4,29.8,0.43,9,cholera,16,High
V012,Village_12,17.16991,73.87052,11605,pond,2024-10-20,7.29,1.24,0.28,0,6.5,25.1,0.43,16,diarrhea,9,High
V012,Village_12,17.16991,73.87052,11605,pond,2024-10-27,6.98,0.91,0.236,1,3.9,31.0,0.43,9,hepatitis_a,9,High
V012,Village_12,17.16991,73.87052,11605,pond,2024-11-03,7.25,0.24,0.297,0,5.1,31.0,0.43,9,hepatitis_a,13,High
V012,Village_12,17.16991,73.87052,11605,pond,2024-11-10,7.74,3.32,0.203,0,13.9,27.4,0.43,13,typhoid,13,High
V012,Village_12,17.16991,73.87052,11605,pond,2024-11-17,6.7,0.8,0.331,0,4.7,22.9,0.43,13,typhoid,16,High
V012,Village_12,17.16991,73.87052,11605,pond,2024-11-24,7.13,0.21,0.232,0,12.4,31.9,0.43,16,hepatitis_a,4,Medium
V012,Village_12,17.16991,73.87052,11605,pond,2024-12-01,6.56,1.15,0.306,0,5.3,30.6,0.43,4,hepatitis_a,6,Medium
V012,Village_12,17.16991,73.87052,11605,pond,2024-12-08,7.25,1.7,0.465,0,5.5,29.4,0.43,6,cholera,11,High
V012,Village_12,17.16991,73.87052,11605,pond,2024-12-15,7.08,4.82,0.359,0,17.4,26.3,0.43,11,typhoid,9,High
V012,Village_12,17.16991,73.87052,11605,pond,2024-12-22,6.71,3.03,0.177,0,8.5,26.0,0.43,9,diarrhea,9,High
V012,Village_12,17.16991,73.87052,11605,pond,2024-12-29,6.72,1.27,0.327,0,14.8,29.8,0.43,9,hepatitis_a,4,Medium
V013,Village_13,17.03244,73.76505,4643,handpump,2024-01-07,6.94,2.92,0.371,0,5.0,30.0,0.24,0,typhoid,3,Medium
V013,Village_13,17.03244,73.76505,4643,handpump,2024-01-14,6.9,3.57,0.177,0,10.1,25.5,0.24,3,diarrhea,6,Medium
V013,Village_13,17.03244,73.76505,4643,handpump,2024-01-21,7.47,5.22,0.369,0,4.5,29.6,0.24,6,diarrhea,3,Medium
V013,Village_13,17.03244,73.76505,4643,handpump,2024-01-28,7.23,4.53,0.266,0,4.1,33.6,0.24,3,diarrhea,4,Medium
V013,Village_13,17.03244,73.76505,4643,handpump,2024-02-04,6.82,1.94,0.207,0,9.8,27.5,0.24,4,cholera,5,Medium
V013,Village_13,17.03244,73.76505,4643,handpump,2024-02-11,6.99,3.14,0.466,0,13.0,27.7,0.24,5,diarrhea,5,Medium
V013,Village_13,17.03244,73.76505,4643,handpump,2024-02-18,6.61,2.24,0.405,0,1.1,30.4,0.24,5,typhoid,8,High
V013,Village_13,17.03244,73.76505,4643,handpump,2024-02-25,6.93,4.33,0.486,0,11.0,29.6,0.24,8,typhoid,1,Low
V013,Village_13,17.03244,73.76505,4643,handpump,2024-03-03,7.92,1.45,0.365,0,19.1,32.0,0.24,1,hepatitis_a,9,High
V013,Village_13,17.03244,73.76505,4643,handpump,2024-03-10,6.98,1.78,0.215,0,2.6,31.8,0.24,9,typhoid,3,Medium
V013,Village_13,17.03244,73.76505,4643,handpump,2024-03-17,7.76,4.43,0.453,0,12.2,32.3,0.24,3,typhoid,0,Low
V013,Village_13,17.03244,73.76505,4643,handpump,2024-03-24,7.49,1.26,0.209,0,16.3,27.7,0.24,0,cholera,5,Medium
V013,Village_13,17.03244,73.76505,4643,handpump,2024-03-31,7.25,1.61,0.111,0,8.0,31.8,0.24,5,hepatitis_a,3,Medium
V013,Village_13,17.03244,73.76505,4643,handpump,2024-04-07,7.16,3.57,0.19,0,9.3,27.7,0.24,3,hepatitis_a,5,Medium
V013,Village_13,17.03244,73.76505,4643,handpump,2024-04-14,7.19,1.65,0.231,0,5.8,28.9,0.24,5,diarrhea,4,Medium
V013,Village_13,17.03244,73.76505,4643,handpump,2024-04-21,6.77,2.09,0.411,0,3.8,27.0,0.24,4,cholera,0,Low
V013,Village_13,17.03244,73.76505,4643,handpump,2024-04-28,7.97,1.86,0.078,0,26.6,32.7,0.24,0,hepatitis_a,7,High
V013,Village_13,17.03244,73.76505,4643,handpump,2024-05-05,7.44,0.96,0.263,0,8.7,31.7,0.24,7,typhoid,3,Medium
V013,Village_13,17.03244,73.76505,4643,handpump,2024-05-12,6.72,5.76,0.229,0,21.7,28.1,0.24,3,hepatitis_a,6,Medium
V013,Village_13,17.03244,73.76505,4643,handpump,2024-05-19,7.79,1.86,0.152,0,5.4,37.4,0.24,6,typhoid,1,Low
V013,Village_13,17.03244,73.76505,4643,handpump,2024-05-26,6.88,0.96,0.346,0,9.4,30.7,0.24,1,diarrhea,2,Low
V013,Village_13,17.03244,73.76505,4643,handpump,2024-06-02,7.93,1.78,0.205,0,3.1,35.8,0.24,2,typhoid,1,Low
V013,Village_13,17.03244,73.76505,4643,handpump,2024-06-09,7.27,8.31,0.218,0,20.4,25.5,0.24,1,cholera,6,Medium
V013,Village_13,17.03244,73.76505,4643,handpump,2024-06-16,7.22,12.28,0.131,0,10.5,20.1,0.24,6,cholera,6,Medium
V013,Village_13,17.03244,73.76505,4643,handpump,2024-06-23,7.79,1.83,0.117,0,1.0,31.8,0.24,6,diarrhea,2,Low
V013,Village_13,17.03244,73.76505,4643,handpump,2024-06-30,6.97,5.07,0.108,1,24.3,25.3,0.24,2,cholera,6,Medium
V013,Village_13,17.03244,73.76505,4643,handpump,2024-07-07,7.02,7.03,0.173,1,11.8,24.4,0.24,6,hepatitis_a,13,High
V013,Village_13,17.03244,73.76505,4643,handpump,2024-07-14,7.19,12.18,0.0,1,6.4,31.4,0.24,13,cholera,9,High
V013,Village_13,17.03244,73.76505,4643,handpump,2024-07-21,6.64,5.97,0.036,1,24.0,21.6,0.24,9,hepatitis_a,12,High
V013,Village_13,17.03244,73.76505,4643,handpump,2024-07-28,7.53,4.42,0.1,0,27.9,20.2,0.24,12,cholera,9,High
V013,Village_13,17.03244,73.76505,4643,handpump,2024-08-04,6.54,4.41,0.157,1,36.7,23.3,0.24,9,cholera,10,High
V013,Village_13,17.03244,73.76505,4643,handpump,2024-08-11,6.68,7.72,0.135,1,9.8,31.5,0.24,10,cholera,6,Medium
V013,Village_13,17.03244,73.76505,4643,handpump,2024-08-18,6.78,8.13,0.176,1,27.1,27.2,0.24,6,diarrhea,11,High
V013,Village_13,17.03244,73.76505,4643,handpump,2024-08-25,7.4,9.71,0.072,1,152.8,23.6,0.24,11,hepatitis_a,8,High
V013,Village_13,17.03244,73.76505,4643,handpump,2024-09-01,7.61,3.49,0.31,0,5.7,29.5,0.24,8,cholera,3,Medium
V013,Village_13,17.03244,73.76505,4643,handpump,2024-09-08,6.38,4.01,0.175,0,33.8,28.8,0.24,3,cholera,5,Medium
V013,Village_13,17.03244,73.76505,4643,handpump,2024-09-15,6.72,1.0,0.253,0,9.1,28.4,0.24,5,typhoid,3,Medium
V013,Village_13,17.03244,73.76505,4643,handpump,2024-09-22,6.3,0.75,0.263,0,3.0,28.2,0.24,3,typhoid,4,Medium
V013,Village_13,17.03244,73.76505,4643,handpump,2024-09-29,6.64,7.66,0.161,1,8.2,28.7,0.24,4,diarrhea,8,High
V013,Village_13,17.03244,73.76505,4643,handpump,2024-10-06,7.1,0.65,0.201,0,1.4,32.2,0.24,8,diarrhea,5,Medium
V013,Village_13,17.03244,73.76505,4643,handpump,2024-10-13,7.16,5.13,0.334,0,2.5,30.3,0.24,5,diarrhea,7,High
V013,Village_13,17.03244,73.76505,4643,handpump,2024-10-20,7.17,2.67,0.342,0,7.7,27.8,0.24,7,diarrhea,3,Medium
V013,Village_13,17.03244,73.76505,4643,handpump,2024-10-27,5.82,1.17,0.381,0,15.9,33.1,0.24,3,hepatitis_a,4,Medium
V013,Village_13,17.03244,73.76505,4643,handpump,2024-11-03,7.28,2.35,0.319,1,10.4,24.3,0.24,4,hepatitis_a,5,Medium
V013,Village_13,17.03244,73.76505,4643,handpump,2024-11-10,7.31,1.92,0.386,0,9.0,27.1,0.24,5,diarrhea,4,Medium
V013,Village_13,17.03244,73.76505,4643,handpump,2024-11-17,7.02,1.72,0.234,0,2.5,29.7,0.24,4,hepatitis_a,2,Low
V013,Village_13,17.03244,73.76505,4643,handpump,2024-11-24,7.49,4.35,0.476,0,5.0,29.4,0.24,2,typhoid,1,Low
V013,Village_13,17.03244,73.76505,4643,handpump,2024-12-01,6.9,0.94,0.242,0,23.5,28.0,0.24,1,cholera,5,Medium
V013,Village_13,17.03244,73.76505,4643,handpump,2024-12-08,6.64,6.4,0.294,0,23.3,31.3,0.24,5,typhoid,5,Medium
V013,Village_13,17.03244,73.76505,4643,handpump,2024-12-15,6.83,2.29,0.29,0,13.8,26.3,0.24,5,hepatitis_a,2,Low
V013,Village_13,17.03244,73.76505,4643,handpump,2024-12-22,6.42,2.78,0.312,0,15.6,33.0,0.24,2,hepatitis_a,7,High
V013,Village_13,17.03244,73.76505,4643,handpump,2024-12-29,6.02,0.29,0.325,0,4.4,22.1,0.24,7,diarrhea,7,High
V014,Village_14,16.41234,74.64889,8789,borewell,2024-01-07,6.47,1.94,0.512,0,1.1,28.1,0.42,0,hepatitis_a,1,Low
V014,Village_14,16.41234,74.64889,8789,borewell,2024-01-14,6.84,1.54,0.317,0,2.6,22.9,0.42,1,hepatitis_a,3,Medium
V014,Village_14,16.41234,74.64889,8789,borewell,2024-01-21,6.27,0.9,0.26,0,18.7,32.5,0.42,3,typhoid,3,Medium
V014,Village_14,16.41234,74.64889,8789,borewell,2024-01-28,6.8,1.74,0.29,0,5.1,28.7,0.42,3,hepatitis_a,3,Medium
V014,Village_14,16.41234,74.64889,8789,borewell,2024-02-04,7.01,0.72,0.401,0,12.9,32.3,0.42,3,typhoid,8,High
V014,Village_14,16.41234,74.64889,8789,borewell,2024-02-11,6.99,1.91,0.416,0,2.6,30.9,0.42,8,diarrhea,12,High
V014,Village_14,16.41234,74.64889,8789,borewell,2024-02-18,7.17,0.57,0.203,0,2.3,35.7,0.42,12,cholera,3,Medium
V014,Village_14,16.41234,74.64889,8789,borewell,2024-02-25,6.87,5.53,0.298,0,3.2,27.4,0.42,3,cholera,14,High
V014,Village_14,16.41234,74.64889,8789,borewell,2024-03-03,7.08,1.18,0.277,0,9.9,33.4,0.42,14,cholera,3,Medium
V014,Village_14,16.41234,74.64889,8789,borewell,2024-03-10,6.79,3.21,0.304,0,13.2,34.1,0.42,3,hepatitis_a,12,High
V014,Village_14,16.41234,74.64889,8789,borewell,2024-03-17,7.0,3.17,0.232,0,7.7,27.1,0.42,12,typhoid,8,High
V014,Village_14,16.41234,74.64889,8789,borewell,2024-03-24,6.96,0.23,0.431,0,16.9,30.7,0.42,8,cholera,8,High
V014,Village_14,16.41234,74.64889,8789,borewell,2024-03-31,7.36,2.03,0.233,0,4.5,22.9,0.42,8,cholera,8,High
V014,Village_14,16.41234,74.64889,8789,borewell,2024-04-07,6.96,1.24,0.241,0,3.6,35.6,0.42,8,diarrhea,8,High
V014,Village_14,16.41234,74.64889,8789,borewell,2024-04-14,6.35,3.13,0.445,0,15.0,29.5,0.42,8,hepatitis_a,8,High
V014,Village_14,16.41234,74.64889,8789,borewell,2024-04-21,7.24,0.27,0.33,0,12.2,31.4,0.42,8,hepatitis_a,10,High
V014,Village_14,16.41234,74.64889,8789,borewell,2024-04-28,6.61,3.03,0.299,0,13.8,26.6,0.42,10,typhoid,5,Medium
V014,Village_14,16.41234,74.64889,8789,borewell,2024-05-05,7.28,1.04,0.216,0,0.3,28.3,0.42,5,cholera,5,Medium
V014,Village_14,16.41234,74.64889,8789,borewell,2024-05-12,6.49,4.35,0.186,0,1.2,34.5,0.42,5,typhoid,10,High
V014,Village_14,16.41234,74.64889,8789,borewell,2024-05-19,6.92,5.22,0.237,0,14.8,29.0,0.42,10,typhoid,14,High
V014,Village_14,16.41234,74.64889,8789,borewell,2024-05-26,7.67,5.91,0.38,0,10.8,29.1,0.42,14,cholera,12,High
V014,Village_14,16.41234,74.64889,8789,borewell,2024-06-02,7.4,2.88,0.366,0,2.9,31.6,0.42,12,cholera,5,Medium
V014,Village_14,16.41234,74.64889,8789,borewell,2024-06-09,6.11,6.38,0.17,1,25.9,28.6,0.42,5,typhoid,14,High
V014,Village_14,16.41234,74.64889,8789,borewell,2024-06-16,6.45,2.26,0.142,1,15.9,26.6,0.42,14,typhoid,22,High
V014,Village_14,16.41234,74.64889,8789,borewell,2024-06-23,6.65,3.83,0.187,0,24.1,22.5,0.42,22,diarrhea,10,High
V014,Village_14,16.41234,74.64889,8789,borewell,2024-06-30,6.6,1.67,0.214,0,47.9,23.1,0.42,10,cholera,8,High
V014,Village_14,16.41234,74.64889,8789,borewell,2024-07-07,6.38,4.13,0.043,0,13.4,26.6,0.42,8,diarrhea,14,High
V014,Village_14,16.41234,74.64889,8789,borewell,2024-07-14,6.95,4.42,0.153,0,28.8,21.6,0.42,14,diarrhea,12,High
V014,Village_14,16.41234,74.64889,8789,borewell,2024-07-21,7.07,5.76,0.313,0,17.8,29.0,0.42,12,hepatitis_a,14,High
V014,Village_14,16.41234,74.64889,8789,borewell,2024-07-28,6.52,2.14,0.0,0,50.8,25.2,0.42,14,typhoid,10,High
V014,Village_14,16.41234,74.64889,8789,borewell,2024-08-04,7.36,12.05,0.099,1,63.9,21.2,0.42,10,cholera,10,High
V014,Village_14,16.41234,74.64889,8789,borewell,2024-08-11,6.75,1.63,0.333,0,2.0,25.9,0.42,10,typhoid,7,High
V014,Village_14,16.41234,74.64889,8789,borewell,2024-08-18,6.74,9.14,0.177,1,9.0,31.3,0.42,7,cholera,17,High
V014,Village_14,16.41234,74.64889,8789,borewell,2024-08-25,7.31,1.0,0.109,0,54.7,27.3,0.42,17,cholera,14,High
V014,Village_14,16.41234,74.64889,8789,borewell,2024-09-01,6.89,5.54,0.289,0,16.3,26.9,0.42,14,diarrhea,10,High
V014,Village_14,16.41234,74.64889,8789,borewell,2024-09-08,7.05,11.85,0.03,1,25.0,24.8,0.42,10,typhoid,26,High
V014,Village_14,16.41234,74.64889,8789,borewell,2024-09-15,6.9,1.81,0.383,0,6.4,31.0,0.42,26,diarrhea,10,High
V014,Village_14,16.41234,74.64889,8789,borewell,2024-09-22,7.22,3.48,0.377,0,12.2,30.9,0.42,10,diarrhea,10,High
V014,Village_14,16.41234,74.64889,8789,borewell,2024-09-29,7.33,0.24,0.128,0,4.9,27.8,0.42,10,diarrhea,8,High
V014,Village_14,16.41234,74.64889,8789,borewell,2024-10-06,7.1,3.65,0.433,0,3.3,29.0,0.42,8,typhoid,1,Low
V014,Village_14,16.41234,74.64889,8789,borewell,2024-10-13,7.54,1.93,0.349,0,6.1,31.9,0.42,1,cholera,5,Medium
V014,Village_14,16.41234,74.64889,8789,borewell,2024-10-20,6.91,1.27,0.375,0,12.6,34.2,0.42,5,typhoid,7,High
V014,Village_14,16.41234,74.64889,8789,borewell,2024-10-27,6.88,1.57,0.273,0,10.2,32.9,0.42,7,cholera,7,High
V014,Village_14,16.41234,74.64889,8789,borewell,2024-11-03,7.05,1.77,0.294,0,8.4,28.8,0.42,7,cholera,14,High
V014,Village_14,16.41234,74.64889,8789,borewell,2024-11-10,7.36,0.56,0.46,0,3.2,29.0,0.42,14,hepatitis_a,10,High
V014,Village_14,16.41234,74.64889,8789,borewell,2024-11-17,7.4,2.65,0.239,0,6.5,30.7,0.42,10,hepatitis_a,12,High
V014,Village_14,16.41234,74.64889,8789,borewell,2024-11-24,6.71,1.79,0.13,0,6.0,27.8,0.42,12,diarrhea,8,High
V014,Village_14,16.41234,74.64889,8789,borewell,2024-12-01,6.22,5.96,0.382,0,4.4,30.7,0.42,8,cholera,15,High
V014,Village_14,16.41234,74.64889,8789,borewell,2024-12-08,6.98,1.91,0.272,0,4.1,33.8,0.42,15,cholera,8,High
V014,Village_14,16.41234,74.64889,8789,borewell,2024-12-15,6.39,2.29,0.188,0,5.8,25.3,0.42,8,cholera,7,High
V014,Village_14,16.41234,74.64889,8789,borewell,2024-12-22,7.45,3.03,0.207,0,3.5,27.3,0.42,7,diarrhea,5,Medium
V014,Village_14,16.41234,74.64889,8789,borewell,2024-12-29,6.85,3.18,0.311,0,8.5,32.2,0.42,5,typhoid,3,Medium
V015,Village_15,16.38182,74.66563,10492,handpump,2024-01-07,6.19,1.51,0.356,0,8.4,32.1,0.43,0,typhoid,8,High
V015,Village_15,16.38182,74.66563,10492,handpump,2024-01-14,7.64,1.42,0.187,0,5.7,31.8,0.43,8,diarrhea,6,Medium
V015,Village_15,16.38182,74.66563,10492,handpump,2024-01-21,6.61,2.96,0.272,0,3.5,35.5,0.43,6,hepatitis_a,10,High
V015,Village_15,16.38182,74.66563,10492,handpump,2024-01-28,7.08,1.35,0.312,0,6.3,27.7,0.43,10,cholera,16,High
V015,Village_15,16.38182,74.66563,10492,handpump,2024-02-04,7.0,4.11,0.205,0,13.9,29.4,0.43,16,typhoid,10,High
V015,Village_15,16.38182,74.66563,10492,handpump,2024-02-11,7.52,5.27,0.0,1,7.2,31.8,0.43,10,diarrhea,23,High
V015,Village_15,16.38182,74.66563,10492,handpump,2024-02-18,6.79,5.54,0.426,0,3.4,26.5,0.43,23,typhoid,14,High
V015,Village_15,16.38182,74.66563,10492,handpump,2024-02-25,7.55,0.76,0.403,0,5.7,31.4,0.43,14,typhoid,16,High
V015,Village_15,16.38182,74.66563,10492,handpump,2024-03-03,6.81,8.22,0.466,0,22.2,29.0,0.43,16,diarrhea,18,High
V015,Village_15,16.38182,74.66563,10492,handpump,2024-03-10,7.44,3.92,0.31,0,16.2,29.4,0.43,18,diarrhea,4,Medium
V015,Village_15,16.38182,74.66563,10492,handpump,2024-03-17,7.07,0.79,0.151,0,2.5,27.9,0.43,4,typhoid,8,High
V015,Village_15,16.38182,74.66563,10492,handpump,2024-03-24,6.98,1.04,0.354,0,4.9,30.7,0.43,8,cholera,4,Medium
V015,Village_15,16.38182,74.66563,10492,handpump,2024-03-31,7.12,0.82,0.406,0,6.3,31.2,0.43,4,typhoid,8,High
V015,Village_15,16.38182,74.66563,10492,handpump,2024-04-07,7.2,3.54,0.379,0,18.5,30.3,0.43,8,cholera,6,Medium
V015,Village_15,16.38182,74.66563,10492,handpump,2024-04-14,7.36,1.4,0.435,0,4.5,35.4,0.43,6,diarrhea,8,High
V015,Village_15,16.38182,74.66563,10492,handpump,2024-04-21,6.68,1.19,0.275,0,18.2,28.7,0.43,8,diarrhea,8,High
V015,Village_15,16.38182,74.66563,10492,handpump,2024-04-28,6.57,1.41,0.313,0,6.8,29.2,0.43,8,hepatitis_a,10,High
V015,Village_15,16.38182,74.66563,10492,handpump,2024-05-05,7.48,1.43,0.154,0,12.6,32.7,0.43,10,cholera,8,High
V015,Village_15,16.38182,74.66563,10492,handpump,2024-05-12,8.09,1.38,0.259,0,12.3,25.9,0.43,8,hepatitis_a,10,High
V015,Village_15,16.38182,74.66563,10492,handpump,2024-05-19,7.12,1.29,0.277,0,10.3,28.9,0.43,10,typhoid,12,High
V015,Village_15,16.38182,74.66563,10492,handpump,2024-05-26,7.15,3.1,0.267,0,12.7,30.7,0.43,12,hepatitis_a,25,High
V015,Village_15,16.38182,74.66563,10492,handpump,2024-06-02,6.83,0.07,0.232,0,18.3,25.6,0.43,25,cholera,4,Medium
V015,Village_15,16.38182,74.66563,10492,handpump,2024-06-09,6.84,7.36,0.0,1,15.2,27.0,0.43,4,diarrhea,27,High
V015,Village_15,16.38182,74.66563,10492,handpump,2024-06-16,7.14,2.29,0.21,0,28.2,25.4,0.43,27,typhoid,23,High
V015,Village_15,16.38182,74.66563,10492,handpump,2024-06-23,6.85,7.82,0.331,0,24.5,24.8,0.43,23,hepatitis_a,18,High
V015,Village_15,16.38182,74.66563,10492,handpump,2024-06-30,7.37,3.61,0.105,0,9.1,23.5,0.43,18,cholera,18,High
V015,Village_15,16.38182,74.66563,10492,handpump,2024-07-07,7.05,2.07,0.0,0,45.7,23.5,0.43,18,cholera,18,High
V015,Village_15,16.38182,74.66563,10492,handpump,2024-07-14,6.97,7.15,0.109,1,23.0,28.7,0.43,18,hepatitis_a,18,High
V015,Village_15,16.38182,74.66563,10492,handpump,2024-07-21,6.95,8.66,0.077,1,53.1,22.1,0.43,18,cholera,31,High
V015,Village_15,16.38182,74.66563,10492,handpump,2024-07-28,6.73,7.81,0.067,1,42.3,24.4,0.43,31,cholera,18,High
V015,Village_15,16.38182,74.66563,10492,handpump,2024-08-04,7.16,4.8,0.192,0,64.3,20.4,0.43,18,diarrhea,10,High
V015,Village_15,16.38182,74.66563,10492,handpump,2024-08-11,6.54,8.67,0.204,0,69.6,28.1,0.43,10,diarrhea,18,High
V015,Village_15,16.38182,74.66563,10492,handpump,2024-08-18,7.24,4.03,0.282,0,44.0,28.5,0.43,18,typhoid,6,Medium
V015,Village_15,16.38182,74.66563,10492,handpump,2024-08-25,6.72,9.35,0.137,1,26.7,32.0,0.43,6,cholera,16,High
V015,Village_15,16.38182,74.66563,10492,handpump,2024-09-01,6.77,9.68,0.367,0,45.9,21.7,0.43,16,typhoid,14,High
V015,Village_15,16.38182,74.66563,10492,handpump,2024-09-08,7.46,2.85,0.129,0,18.1,31.4,0.43,14,hepatitis_a,10,High
V015,Village_15,16.38182,74.66563,10492,handpump,2024-09-15,7.14,1.08,0.423,0,16.9,29.6,0.43,10,diarrhea,10,High
V015,Village_15,16.38182,74.66563,10492,handpump,2024-09-22,7.49,1.55,0.346,0,7.0,31.3,0.43,10,typhoid,10,High
V015,Village_15,16.38182,74.66563,10492,handpump,2024-09-29,6.93,2.7,0.215,0,4.6,25.3,0.43,10,typhoid,12,High
V015,Village_15,16.38182,74.66563,10492,handpump,2024-10-06,6.37,1.56,0.418,0,3.6,28.4,0.43,12,diarrhea,6,Medium
V015,Village_15,16.38182,74.66563,10492,handpump,2024-10-13,7.4,0.16,0.427,0,5.2,28.3,0.43,6,hepatitis_a,4,Medium
V015,Village_15,16.38182,74.66563,10492,handpump,2024-10-20,7.2,4.5,0.3,0,13.7,29.8,0.43,4,cholera,4,Medium
V015,Village_15,16.38182,74.66563,10492,handpump,2024-10-27,6.65,3.06,0.166,0,7.7,32.7,0.43,4,diarrhea,10,High
V015,Village_15,16.38182,74.66563,10492,handpump,2024-11-03,6.82,0.14,0.366,0,23.7,28.1,0.43,10,cholera,10,High
V015,Village_15,16.38182,74.66563,10492,handpump,2024-11-10,7.57,4.29,0.368,0,5.3,32.1,0.43,10,typhoid,16,High
V015,Village_15,16.38182,74.66563,10492,handpump,2024-11-17,7.1,1.28,0.178,0,7.6,31.4,0.43,16,diarrhea,18,High
V015,Village_15,16.38182,74.66563,10492,handpump,2024-11-24,6.99,1.02,0.399,0,1.2,28.0,0.43,18,cholera,14,High
V015,Village_15,16.38182,74.66563,10492,handpump,2024-12-01,6.28,0.81,0.219,0,5.6,26.7,0.43,14,typhoid,12,High
V015,Village_15,16.38182,74.66563,10492,handpump,2024-12-08,7.26,2.43,0.193,0,6.3,31.3,0.43,12,typhoid,4,Medium
V015,Village_15,16.38182,74.66563,10492,handpump,2024-12-15,7.25,2.91,0.202,0,10.6,32.7,0.43,4,hepatitis_a,10,High
V015,Village_15,16.38182,74.66563,10492,handpump,2024-12-22,7.24,0.99,0.183,0,10.0,26.7,0.43,10,cholera,10,High
V015,Village_15,16.38182,74.66563,10492,handpump,2024-12-29,7.1,1.48,0.179,0,4.2,31.0,0.43,10,typhoid,8,High
V016,Village_16,16.3834,74.5084,7673,handpump,2024-01-07,7.23,0.51,0.279,0,6.8,38.3,0.71,0,typhoid,4,Medium
V016,Village_16,16.3834,74.5084,7673,handpump,2024-01-14,6.33,3.0,0.327,0,6.4,34.7,0.71,4,diarrhea,4,Medium
V016,Village_16,16.3834,74.5084,7673,handpump,2024-01-21,6.98,5.13,0.337,0,11.9,31.0,0.71,4,cholera,9,High
V016,Village_16,16.3834,74.5084,7673,handpump,2024-01-28,6.42,1.12,0.195,0,8.8,29.6,0.71,9,hepatitis_a,7,High
V016,Village_16,16.3834,74.5084,7673,handpump,2024-02-04,6.68,3.36,0.263,0,7.3,30.0,0.71,7,diarrhea,15,High
V016,Village_16,16.3834,74.5084,7673,handpump,2024-02-11,7.34,1.66,0.342,0,4.6,25.6,0.71,15,cholera,4,Medium
V016,Village_16,16.3834,74.5084,7673,handpump,2024-02-18,6.74,2.13,0.285,0,8.2,30.8,0.71,4,cholera,4,Medium
V016,Village_16,16.3834,74.5084,7673,handpump,2024-02-25,7.53,2.88,0.305,0,5.9,29.3,0.71,4,typhoid,0,Low
V016,Village_16,16.3834,74.5084,7673,handpump,2024-03-03,7.02,1.44,0.382,0,9.8,26.8,0.71,0,typhoid,1,Low
V016,Village_16,16.3834,74.5084,7673,handpump,2024-03-10,6.97,2.47,0.395,0,2.1,32.5,0.71,1,cholera,1,Low
V016,Village_16,16.3834,74.5084,7673,handpump,2024-03-17,7.72,1.79,0.266,0,4.4,28.4,0.71,1,diarrhea,1,Low
V016,Village_16,16.3834,74.5084,7673,handpump,2024-03-24,6.85,5.06,0.433,0,12.4,34.5,0.71,1,cholera,6,Medium
V016,Village_16,16.3834,74.5084,7673,handpump,2024-03-31,7.56,4.14,0.441,0,14.1,34.7,0.71,6,cholera,9,High
V016,Village_16,16.3834,74.5084,7673,handpump,2024-04-07,7.01,11.39,0.175,1,9.2,29.0,0.71,9,cholera,18,High
V016,Village_16,16.3834,74.5084,7673,handpump,2024-04-14,6.77,1.04,0.287,0,8.4,32.6,0.71,18,hepatitis_a,7,High
V016,Village_16,16.3834,74.5084,7673,handpump,2024-04-21,6.87,2.24,0.27,0,21.0,32.0,0.71,7,typhoid,6,Medium
V016,Village_16,16.3834,74.5084,7673,handpump,2024-04-28,7.28,1.17,0.201,0,8.9,26.9,0.71,6,typhoid,4,Medium
V016,Village_16,16.3834,74.5084,7673,handpump,2024-05-05,6.6,1.48,0.399,0,5.5,28.9,0.71,4,typhoid,7,High
V016,Village_16,16.3834,74.5084,7673,handpump,2024-05-12,6.28,0.66,0.261,0,10.6,27.0,0.71,7,diarrhea,9,High
V016,Village_16,16.3834,74.5084,7673,handpump,2024-05-19,6.46,2.17,0.349,0,4.9,29.7,0.71,9,cholera,1,Low
V016,Village_16,16.3834,74.5084,7673,handpump,2024-05-26,6.76,0.95,0.382,0,3.3,33.0,0.71,1,diarrhea,6,Medium
V016,Village_16,16.3834,74.5084,7673,handpump,2024-06-02,6.83,2.99,0.24,0,17.4,35.4,0.71,6,hepatitis_a,6,Medium
V016,Village_16,16.3834,74.5084,7673,handpump,2024-06-09,7.25,2.2,0.104,0,36.1,24.4,0.71,6,cholera,4,Medium
V016,Village_16,16.3834,74.5084,7673,handpump,2024-06-16,6.8,6.69,0.151,1,86.5,22.6,0.71,4,typhoid,21,High
V016,Village_16,16.3834,74.5084,7673,handpump,2024-06-23,6.37,1.83,0.193,0,10.1,23.9,0.71,21,diarrhea,1,Low
V016,Village_16,16.3834,74.5084,7673,handpump,2024-06-30,8.15,6.56,0.254,0,21.5,30.6,0.71,1,diarrhea,3,Medium
V016,Village_16,16.3834,74.5084,7673,handpump,2024-07-07,6.88,9.88,0.196,1,21.2,25.3,0.71,3,cholera,13,High
V016,Village_16,16.3834,74.5084,7673,handpump,2024-07-14,6.78,6.78,0.095,1,33.2,29.5,0.71,13,typhoid,15,High
V016,Village_16,16.3834,74.5084,7673,handpump,2024-07-21,7.81,7.51,0.139,1,6.7,23.2,0.71,15,cholera,16,High
V016,Village_16,16.3834,74.5084,7673,handpump,2024-07-28,7.05,5.01,0.147,1,20.9,26.5,0.71,16,typhoid,10,High
V016,Village_16,16.3834,74.5084,7673,handpump,2024-08-04,7.41,3.51,0.039,0,11.8,25.2,0.71,10,typhoid,13,High
V016,Village_16,16.3834,74.5084,7673,handpump,2024-08-11,7.31,2.48,0.187,0,7.4,24.0,0.71,13,typhoid,9,High
V016,Village_16,16.3834,74.5084,7673,handpump,2024-08-18,7.39,3.26,0.274,0,3.3,22.9,0.71,9,cholera,9,High
V016,Village_16,16.3834,74.5084,7673,handpump,2024-08-25,6.76,4.42,0.121,0,25.3,20.3,0.71,9,cholera,7,High
V016,Village_16,16.3834,74.5084,7673,handpump,2024-09-01,7.75,7.53,0.295,0,34.0,25.0,0.71,7,hepatitis_a,12,High
V016,Village_16,16.3834,74.5084,7673,handpump,2024-09-08,7.25,12.23,0.243,0,41.0,26.2,0.71,12,hepatitis_a,16,High
V016,Village_16,16.3834,74.5084,7673,handpump,2024-09-15,7.36,0.66,0.218,0,1.7,32.9,0.71,16,cholera,6,Medium
V016,Village_16,16.3834,74.5084,7673,handpump,2024-09-22,7.17,2.9,0.465,1,5.0,27.8,0.71,6,cholera,4,Medium
V016,Village_16,16.3834,74.5084,7673,handpump,2024-09-29,7.06,3.15,0.268,1,6.5,26.0,0.71,4,diarrhea,6,Medium
V016,Village_16,16.3834,74.5084,7673,handpump,2024-10-06,7.0,4.08,0.229,0,11.4,29.2,0.71,6,hepatitis_a,3,Medium
V016,Village_16,16.3834,74.5084,7673,handpump,2024-10-13,7.23,0.6,0.224,0,8.2,30.8,0.71,3,cholera,6,Medium
V016,Village_16,16.3834,74.5084,7673,handpump,2024-10-20,7.21,0.57,0.367,0,10.2,32.3,0.71,6,diarrhea,4,Medium
V016,Village_16,16.3834,74.5084,7673,handpump,2024-10-27,7.18,6.93,0.409,0,5.1,31.3,0.71,4,hepatitis_a,7,High
V016,Village_16,16.3834,74.5084,7673,handpump,2024-11-03,6.86,2.19,0.378,0,9.1,27.2,0.71,7,hepatitis_a,3,Medium
V016,Village_16,16.3834,74.5084,7673,handpump,2024-11-10,6.33,1.19,0.422,0,2.8,27.3,0.71,3,diarrhea,3,Medium
V016,Village_16,16.3834,74.5084,7673,handpump,2024-11-17,7.37,1.59,0.25,0,13.5,30.2,0.71,3,diarrhea,3,Medium
V016,Village_16,16.3834,74.5084,7673,handpump,2024-11-24,6.84,1.9,0.174,0,2.5,30.6,0.71,3,cholera,6,Medium
V016,Village_16,16.3834,74.5084,7673,handpump,2024-12-01,6.73,1.19,0.432,0,3.0,24.3,0.71,6,typhoid,6,Medium
V016,Village_16,16.3834,74.5084,7673,handpump,2024-12-08,6.5,2.2,0.325,0,5.5,27.2,0.71,6,diarrhea,4,Medium
V016,Village_16,16.3834,74.5084,7673,handpump,2024-12-15,6.29,4.27,0.247,0,12.5,27.0,0.71,4,hepatitis_a,1,Low
V016,Village_16,16.3834,74.5084,7673,handpump,2024-12-22,6.93,1.01,0.387,0,7.4,31.7,0.71,1,hepatitis_a,4,Medium
V016,Village_16,16.3834,74.5084,7673,handpump,2024-12-29,6.75,5.02,0.313,0,5.9,30.5,0.71,4,diarrhea,9,High
V017,Village_17,16.50424,74.00461,6475,borewell,2024-01-07,6.83,2.03,0.163,0,5.4,24.4,0.65,0,hepatitis_a,2,Low
V017,Village_17,16.50424,74.00461,6475,borewell,2024-01-14,7.07,1.13,0.212,0,13.7,31.4,0.65,2,diarrhea,7,High
V017,Village_17,16.50424,74.00461,6475,borewell,2024-01-21,7.38,1.94,0.25,0,4.7,28.6,0.65,7,hepatitis_a,3,Medium
V017,Village_17,16.50424,74.00461,6475,borewell,2024-01-28,6.82,0.37,0.384,0,9.4,31.6,0.65,3,typhoid,1,Low
V017,Village_17,16.50424,74.00461,6475,borewell,2024-02-04,6.6,4.12,0.394,0,9.5,30.6,0.65,1,diarrhea,9,High
V017,Village_17,16.50424,74.00461,6475,borewell,2024-02-11,6.67,1.49,0.201,0,4.4,26.1,0.65,9,diarrhea,6,Medium
V017,Village_17,16.50424,74.00461,6475,borewell,2024-02-18,7.16,6.63,0.339,0,18.5,32.2,0.65,6,typhoid,6,Medium
V017,Village_17,16.50424,74.00461,6475,borewell,2024-02-25,7.07,1.88,0.244,0,9.8,32.0,0.65,6,hepatitis_a,5,Medium
V017,Village_17,16.50424,74.00461,6475,borewell,2024-03-03,6.22,5.46,0.433,0,7.7,25.6,0.65,5,hepatitis_a,2,Low
V017,Village_17,16.50424,74.00461,6475,borewell,2024-03-10,7.38,0.78,0.185,0,7.3,29.5,0.65,2,typhoid,2,Low
V017,Village_17,16.50424,74.00461,6475,borewell,2024-03-17,7.62,2.16,0.103,0,0.9,29.8,0.65,2,cholera,5,Medium
V017,Village_17,16.50424,74.00461,6475,borewell,2024-03-24,6.54,2.84,0.442,0,4.3,24.6,0.65,5,diarrhea,2,Low
V017,Village_17,16.50424,74.00461,6475,borewell,2024-03-31,6.56,0.59,0.154,0,2.6,27.4,0.65,2,hepatitis_a,7,High
V017,Village_17,16.50424,74.00461,6475,borewell,2024-04-07,6.18,1.35,0.337,0,8.9,31.4,0.65,7,typhoid,5,Medium
V017,Village_17,16.50424,74.00461,6475,borewell,2024-04-14,6.56,0.7,0.228,1,2.4,31.3,0.65,5,typhoid,11,High
V017,Village_17,16.50424,74.00461,6475,borewell,2024-04-21,6.22,2.14,0.478,0,15.1,31.7,0.65,11,cholera,9,High
V017,Village_17,16.50424,74.00461,6475,borewell,2024-04-28,6.96,2.57,0.346,0,5.5,29.5,0.65,9,typhoid,5,Medium
V017,Village_17,16.50424,74.00461,6475,borewell,2024-05-05,7.96,5.05,0.279,0,10.6,34.0,0.65,5,typhoid,1,Low
V017,Village_17,16.50424,74.00461,6475,borewell,2024-05-12,7.72,0.73,0.393,0,6.1,28.5,0.65,1,hepatitis_a,0,Low
V017,Village_17,16.50424,74.00461,6475,borewell,2024-05-19,7.08,2.12,0.056,0,8.1,24.3,0.65,0,typhoid,1,Low
V017,Village_17,16.50424,74.00461,6475,borewell,2024-05-26,7.13,1.73,0.496,0,13.4,30.4,0.65,1,diarrhea,6,Medium
V017,Village_17,16.50424,74.00461,6475,borewell,2024-06-02,6.79,2.33,0.343,0,16.4,28.6,0.65,6,typhoid,11,High
V017,Village_17,16.50424,74.00461,6475,borewell,2024-06-09,6.37,4.77,0.09,0,25.1,28.3,0.65,11,typhoid,7,High
V017,Village_17,16.50424,74.00461,6475,borewell,2024-06-16,6.43,6.26,0.124,0,24.6,26.4,0.65,7,typhoid,7,High
V017,Village_17,16.50424,74.00461,6475,borewell,2024-06-23,7.25,2.64,0.094,0,13.6,25.1,0.65,7,diarrhea,3,Medium
V017,Village_17,16.50424,74.00461,6475,borewell,2024-06-30,7.62,4.36,0.0,0,65.1,20.7,0.65,3,diarrhea,10,High
V017,Village_17,16.50424,74.00461,6475,borewell,2024-07-07,6.41,9.96,0.106,1,13.3,23.7,0.65,10,diarrhea,9,High
V017,Village_17,16.50424,74.00461,6475,borewell,2024-07-14,6.86,1.12,0.198,0,39.4,23.6,0.65,9,typhoid,5,Medium
V017,Village_17,16.50424,74.00461,6475,borewell,2024-07-21,7.44,3.23,0.183,0,40.1,25.9,0.65,5,hepatitis_a,6,Medium
V017,Village_17,16.50424,74.00461,6475,borewell,2024-07-28,6.72,1.97,0.24,0,26.9,28.7,0.65,6,diarrhea,10,High
V017,Village_17,16.50424,74.00461,6475,borewell,2024-08-04,6.35,12.35,0.025,1,31.4,32.2,0.65,10,diarrhea,19,High
V017,Village_17,16.50424,74.00461,6475,borewell,2024-08-11,7.19,4.26,0.138,0,26.9,21.6,0.65,19,hepatitis_a,15,High
V017,Village_17,16.50424,74.00461,6475,borewell,2024-08-18,7.09,1.87,0.14,0,57.8,27.3,0.65,15,diarrhea,12,High
V017,Village_17,16.50424,74.00461,6475,borewell,2024-08-25,6.54,1.94,0.083,0,9.0,22.6,0.65,12,hepatitis_a,6,Medium
V017,Village_17,16.50424,74.00461,6475,borewell,2024-09-01,6.92,9.27,0.112,1,18.7,28.1,0.65,6,cholera,14,High
V017,Village_17,16.50424,74.00461,6475,borewell,2024-09-08,6.99,3.78,0.051,1,24.8,23.2,0.65,14,hepatitis_a,15,High
V017,Village_17,16.50424,74.00461,6475,borewell,2024-09-15,7.1,0.91,0.252,0,14.5,27.1,0.65,15,diarrhea,5,Medium
V017,Village_17,16.50424,74.00461,6475,borewell,2024-09-22,7.04,4.21,0.33,0,2.1,31.4,0.65,5,diarrhea,3,Medium
V017,Village_17,16.50424,74.00461,6475,borewell,2024-09-29,6.32,0.65,0.292,0,4.6,31.0,0.65,3,diarrhea,5,Medium
V017,Village_17,16.50424,74.00461,6475,borewell,2024-10-06,6.61,10.15,0.38,0,7.0,27.9,0.65,5,hepatitis_a,6,Medium
V017,Village_17,16.50424,74.00461,6475,borewell,2024-10-13,7.04,1.06,0.183,0,5.8,31.2,0.65,6,diarrhea,3,Medium
V017,Village_17,16.50424,74.00461,6475,borewell,2024-10-20,6.68,4.94,0.305,0,3.7,27.3,0.65,3,typhoid,6,Medium
V017,Village_17,16.50424,74.00461,6475,borewell,2024-10-27,6.53,1.77,0.431,0,2.2,28.0,0.65,6,hepatitis_a,5,Medium
V017,Village_17,16.50424,74.00461,6475,borewell,2024-11-03,7.46,1.94,0.266,0,5.9,26.5,0.65,5,hepatitis_a,5,Medium
V017,Village_17,16.50424,74.00461,6475,borewell,2024-11-10,7.12,4.45,0.066,0,12.8,31.3,0.65,5,hepatitis_a,5,Medium
V017,Village_17,16.50424,74.00461,6475,borewell,2024-11-17,6.88,3.12,0.283,0,18.9,30.5,0.65,5,cholera,2,Low
V017,Village_17,16.50424,74.00461,6475,borewell,2024-11-24,7.08,4.44,0.305,0,3.5,31.0,0.65,2,diarrhea,7,High
V017,Village_17,16.50424,74.00461,6475,borewell,2024-12-01,7.18,1.83,0.333,0,15.6,32.4,0.65,7,cholera,6,Medium
V017,Village_17,16.50424,74.00461,6475,borewell,2024-12-08,7.04,0.39,0.156,0,11.7,31.7,0.65,6,typhoid,6,Medium
V017,Village_17,16.50424,74.00461,6475,borewell,2024-12-15,7.35,6.5,0.349,1,5.0,30.7,0.65,6,typhoid,10,High
V017,Village_17,16.50424,74.00461,6475,borewell,2024-12-22,7.3,7.6,0.28,0,21.5,29.4,0.65,10,cholera,14,High
V017,Village_17,16.50424,74.00461,6475,borewell,2024-12-29,6.95,1.35,0.613,0,2.1,30.9,0.65,14,typhoid,7,High
V018,Village_18,16.72476,73.79767,961,borewell,2024-01-07,6.59,2.12,0.338,0,2.1,26.7,0.82,0,typhoid,1,Low
V018,Village_18,16.72476,73.79767,961,borewell,2024-01-14,6.46,0.94,0.18,0,17.1,33.4,0.82,1,hepatitis_a,4,Medium
V018,Village_18,16.72476,73.79767,961,borewell,2024-01-21,6.92,0.49,0.356,0,28.8,30.7,0.82,4,diarrhea,1,Low
V018,Village_18,16.72476,73.79767,961,borewell,2024-01-28,6.24,3.61,0.206,0,23.9,27.2,0.82,1,typhoid,4,Medium
V018,Village_18,16.72476,73.79767,961,borewell,2024-02-04,7.47,0.32,0.336,0,9.8,31.6,0.82,4,typhoid,0,Low
V018,Village_18,16.72476,73.79767,961,borewell,2024-02-11,7.38,1.61,0.276,0,5.9,30.3,0.82,0,hepatitis_a,1,Low
V018,Village_18,16.72476,73.79767,961,borewell,2024-02-18,7.07,0.78,0.411,0,1.5,24.1,0.82,1,typhoid,1,Low
V018,Village_18,16.72476,73.79767,961,borewell,2024-02-25,7.18,3.05,0.297,0,4.8,37.6,0.82,1,diarrhea,2,Low
V018,Village_18,16.72476,73.79767,961,borewell,2024-03-03,5.65,2.45,0.249,0,8.1,32.8,0.82,2,typhoid,1,Low
V018,Village_18,16.72476,73.79767,961,borewell,2024-03-10,7.02,0.7,0.328,0,4.6,30.2,0.82,1,typhoid,2,Low
V018,Village_18,16.72476,73.79767,961,borewell,2024-03-17,7.31,4.95,0.295,0,2.3,35.6,0.82,2,diarrhea,1,Low
V018,Village_18,16.72476,73.79767,961,borewell,2024-03-24,7.03,0.9,0.187,0,12.7,27.4,0.82,1,hepatitis_a,2,Low
V018,Village_18,16.72476,73.79767,961,borewell,2024-03-31,6.62,1.62,0.301,0,31.1,36.5,0.82,2,diarrhea,2,Low
V018,Village_18,16.72476,73.79767,961,borewell,2024-04-07,7.21,1.67,0.203,0,10.7,28.9,0.82,2,hepatitis_a,1,Low
V018,Village_18,16.72476,73.79767,961,borewell,2024-04-14,7.51,1.8,0.22,0,7.8,29.7,0.82,1,diarrhea,1,Low
V018,Village_18,16.72476,73.79767,961,borewell,2024-04-21,7.44,1.24,0.407,0,6.1,34.0,0.82,1,diarrhea,3,Medium
V018,Village_18,16.72476,73.79767,961,borewell,2024-04-28,7.28,2.64,0.349,0,21.7,28.5,0.82,3,cholera,1,Low
V018,Village_18,16.72476,73.79767,961,borewell,2024-05-05,7.0,0.81,0.398,0,11.5,29.4,0.82,1,typhoid,0,Low
V018,Village_18,16.72476,73.79767,961,borewell,2024-05-12,7.47,5.26,0.267,0,4.3,25.9,0.82,0,typhoid,1,Low
V018,Village_18,16.72476,73.79767,961,borewell,2024-05-19,7.05,3.57,0.31,0,21.3,33.7,0.82,1,typhoid,2,Low
V018,Village_18,16.72476,73.79767,961,borewell,2024-05-26,6.66,0.89,0.267,0,5.5,26.6,0.82,2,cholera,1,Low
V018,Village_18,16.72476,73.79767,961,borewell,2024-06-02,6.68,4.39,0.386,0,1.9,31.1,0.82,1,cholera,4,Medium
V018,Village_18,16.72476,73.79767,961,borewell,2024-06-09,6.48,6.48,0.184,1,4.6,28.1,0.82,4,diarrhea,2,Low
V018,Village_18,16.72476,73.79767,961,borewell,2024-06-16,7.4,5.17,0.014,1,63.7,26.6,0.82,2,typhoid,3,Medium
V018,Village_18,16.72476,73.79767,961,borewell,2024-06-23,7.29,7.43,0.017,1,62.5,26.8,0.82,3,typhoid,3,Medium
V018,Village_18,16.72476,73.79767,961,borewell,2024-06-30,6.19,4.72,0.094,0,63.9,21.9,0.82,3,typhoid,4,Medium
V018,Village_18,16.72476,73.79767,961,borewell,2024-07-07,6.96,4.97,0.248,0,17.0,29.1,0.82,4,diarrhea,2,Low
V018,Village_18,16.72476,73.79767,961,borewell,2024-07-14,6.86,6.54,0.252,0,15.7,25.5,0.82,2,hepatitis_a,3,Medium
V018,Village_18,16.72476,73.79767,961,borewell,2024-07-21,6.96,4.23,0.101,0,27.7,25.9,0.82,3,typhoid,1,Low
V018,Village_18,16.72476,73.79767,961,borewell,2024-07-28,7.33,6.53,0.164,1,39.3,21.9,0.82,1,cholera,2,Low
V018,Village_18,16.72476,73.79767,961,borewell,2024-08-04,6.86,5.73,0.127,1,44.6,27.8,0.82,2,typhoid,2,Low
V018,Village_18,16.72476,73.79767,961,borewell,2024-08-11,7.75,7.46,0.0,1,10.5,21.6,0.82,2,cholera,4,Medium
V018,Village_18,16.72476,73.79767,961,borewell,2024-08-18,6.59,6.62,0.0,1,19.3,22.3,0.82,4,typhoid,5,Medium
V018,Village_18,16.72476,73.79767,961,borewell,2024-08-25,7.53,0.92,0.261,0,55.5,25.6,0.82,5,cholera,3,Medium
V018,Village_18,16.72476,73.79767,961,borewell,2024-09-01,6.99,5.27,0.091,1,9.0,22.6,0.82,3,typhoid,4,Medium
V018,Village_18,16.72476,73.79767,961,borewell,2024-09-08,6.88,4.22,0.054,0,54.5,29.9,0.82,4,cholera,6,Medium
V018,Village_18,16.72476,73.79767,961,borewell,2024-09-15,7.31,1.25,0.269,0,4.0,33.9,0.82,6,hepatitis_a,1,Low
V018,Village_18,16.72476,73.79767,961,borewell,2024-09-22,6.34,3.55,0.483,0,1.9,33.3,0.82,1,typhoid,3,Medium
V018,Village_18,16.72476,73.79767,961,borewell,2024-09-29,6.41,2.71,0.322,0,7.1,33.5,0.82,3,diarrhea,1,Low
V018,Village_18,16.72476,73.79767,961,borewell,2024-10-06,6.89,1.3,0.044,0,6.7,28.7,0.82,1,cholera,2,Low
V018,Village_18,16.72476,73.79767,961,borewell,2024-10-13,7.03,3.02,0.232,1,4.3,31.4,0.82,2,cholera,2,Low
V018,Village_18,16.72476,73.79767,961,borewell,2024-10-20,7.48,0.73,0.348,0,13.9,29.0,0.82,2,hepatitis_a,1,Low
V018,Village_18,16.72476,73.79767,961,borewell,2024-10-27,6.75,9.01,0.287,0,15.8,25.1,0.82,1,diarrhea,3,Medium
V018,Village_18,16.72476,73.79767,961,borewell,2024-11-03,7.97,0.98,0.347,0,16.4,25.3,0.82,3,cholera,1,Low
V018,Village_18,16.72476,73.79767,961,borewell,2024-11-10,7.53,1.58,0.269,0,18.0,32.4,0.82,1,hepatitis_a,4,Medium
V018,Village_18,16.72476,73.79767,961,borewell,2024-11-17,6.92,1.98,0.461,0,5.9,29.6,0.82,4,typhoid,2,Low
V018,Village_18,16.72476,73.79767,961,borewell,2024-11-24,7.46,0.91,0.39,0,7.1,34.5,0.82,2,diarrhea,1,Low
V018,Village_18,16.72476,73.79767,961,borewell,2024-12-01,6.85,5.9,0.478,0,6.3,37.9,0.82,1,typhoid,1,Low
V018,Village_18,16.72476,73.79767,961,borewell,2024-12-08,6.96,0.33,0.348,0,18.3,28.1,0.82,1,typhoid,2,Low
V018,Village_18,16.72476,73.79767,961,borewell,2024-12-15,7.23,2.78,0.25,0,1.2,31.3,0.82,2,hepatitis_a,3,Medium
V018,Village_18,16.72476,73.79767,961,borewell,2024-12-22,6.75,1.13,0.353,0,4.1,35.3,0.82,3,hepatitis_a,2,Low
V018,Village_18,16.72476,73.79767,961,borewell,2024-12-29,6.88,1.53,0.379,0,2.1,30.5,0.82,2,cholera,2,Low
V019,Village_19,16.63195,74.38423,5097,borewell,2024-01-07,6.48,0.95,0.474,0,2.7,30.6,0.53,0,cholera,2,Low
V019,Village_19,16.63195,74.38423,5097,borewell,2024-01-14,7.42,1.94,0.13,0,5.0,29.3,0.53,2,hepatitis_a,4,Medium
V019,Village_19,16.63195,74.38423,5097,borewell,2024-01-21,6.99,2.1,0.224,0,5.1,35.9,0.53,4,cholera,3,Medium
V019,Village_19,16.63195,74.38423,5097,borewell,2024-01-28,6.91,2.6,0.343,0,6.1,24.8,0.53,3,hepatitis_a,4,Medium
V019,Village_19,16.63195,74.38423,5097,borewell,2024-02-04,6.97,4.0,0.607,0,9.0,30.7,0.53,4,hepatitis_a,9,High
V019,Village_19,16.63195,74.38423,5097,borewell,2024-02-11,6.96,2.34,0.25,0,11.2,36.9,0.53,9,cholera,10,High
V019,Village_19,16.63195,74.38423,5097,borewell,2024-02-18,7.0,0.89,0.126,0,16.1,28.3,0.53,10,hepatitis_a,6,Medium
V019,Village_19,16.63195,74.38423,5097,borewell,2024-02-25,7.13,11.68,0.269,0,6.8,33.0,0.53,6,hepatitis_a,9,High
V019,Village_19,16.63195,74.38423,5097,borewell,2024-03-03,6.78,2.69,0.459,0,2.4,32.5,0.53,9,diarrhea,6,Medium
V019,Village_19,16.63195,74.38423,5097,borewell,2024-03-10,7.23,2.94,0.328,0,4.0,32.5,0.53,6,diarrhea,2,Low
V019,Village_19,16.63195,74.38423,5097,borewell,2024-03-17,7.08,0.14,0.279,0,5.0,32.1,0.53,2,hepatitis_a,1,Low
V019,Village_19,16.63195,74.38423,5097,borewell,2024-03-24,6.84,0.85,0.506,0,11.2,31.8,0.53,1,typhoid,2,Low
V019,Village_19,16.63195,74.38423,5097,borewell,2024-03-31,6.87,2.7,0.214,0,6.3,33.0,0.53,2,hepatitis_a,6,Medium
V019,Village_19,16.63195,74.38423,5097,borewell,2024-04-07,6.74,2.01,0.179,0,6.5,27.5,0.53,6,typhoid,2,Low
V019,Village_19,16.63195,74.38423,5097,borewell,2024-04-14,6.87,1.53,0.251,0,5.0,36.1,0.53,2,hepatitis_a,2,Low
V019,Village_19,16.63195,74.38423,5097,borewell,2024-04-21,6.83,1.94,0.34,0,8.2,26.6,0.53,2,cholera,2,Low
V019,Village_19,16.63195,74.38423,5097,borewell,2024-04-28,7.56,3.03,0.25,1,9.1,28.3,0.53,2,hepatitis_a,8,High
V019,Village_19,16.63195,74.38423,5097,borewell,2024-05-05,7.68,2.54,0.199,0,22.7,29.7,0.53,8,typhoid,11,High
V019,Village_19,16.63195,74.38423,5097,borewell,2024-05-12,6.73,3.03,0.155,0,6.8,25.6,0.53,11,cholera,6,Medium
V019,Village_19,16.63195,74.38423,5097,borewell,2024-05-19,6.84,2.17,0.278,0,0.8,30.0,0.53,6,diarrhea,1,Low
V019,Village_19,16.63195,74.38423,5097,borewell,2024-05-26,7.15,2.66,0.029,0,9.7,28.2,0.53,1,typhoid,7,High
V019,Village_19,16.63195,74.38423,5097,borewell,2024-06-02,6.57,1.63,0.336,0,6.9,29.9,0.53,7,diarrhea,1,Low
V019,Village_19,16.63195,74.38423,5097,borewell,2024-06-09,6.79,5.16,0.08,1,26.5,28.7,0.53,1,typhoid,7,High
V019,Village_19,16.63195,74.38423,5097,borewell,2024-06-16,7.37,11.52,0.13,1,6.1,33.9,0.53,7,cholera,7,High
V019,Village_19,16.63195,74.38423,5097,borewell,2024-06-23,7.2,7.9,0.171,1,6.4,26.2,0.53,7,diarrhea,10,High
V019,Village_19,16.63195,74.38423,5097,borewell,2024-06-30,7.15,5.7,0.045,1,16.1,25.7,0.53,10,cholera,20,High
V019,Village_19,16.63195,74.38423,5097,borewell,2024-07-07,7.27,13.68,0.031,1,24.8,26.9,0.53,20,typhoid,11,High
V019,Village_19,16.63195,74.38423,5097,borewell,2024-07-14,6.31,6.25,0.016,1,28.3,20.7,0.53,11,cholera,9,High
V019,Village_19,16.63195,74.38423,5097,borewell,2024-07-21,6.91,11.63,0.159,1,27.6,28.0,0.53,9,hepatitis_a,9,High
V019,Village_19,16.63195,74.38423,5097,borewell,2024-07-28,6.77,6.06,0.173,1,4.2,26.2,0.53,9,hepatitis_a,8,High
V019,Village_19,16.63195,74.38423,5097,borewell,2024-08-04,6.77,7.02,0.033,1,22.9,26.0,0.53,8,typhoid,13,High
V019,Village_19,16.63195,74.38423,5097,borewell,2024-08-11,6.69,3.51,0.054,0,24.7,23.5,0.53,13,cholera,7,High
V019,Village_19,16.63195,74.38423,5097,borewell,2024-08-18,6.86,10.51,0.067,1,11.2,29.0,0.53,7,diarrhea,8,High
V019,Village_19,16.63195,74.38423,5097,borewell,2024-08-25,6.48,6.06,0.0,1,41.2,27.9,0.53,8,diarrhea,8,High
V019,Village_19,16.63195,74.38423,5097,borewell,2024-09-01,6.44,6.64,0.14,1,15.1,20.5,0.53,8,cholera,14,High
V019,Village_19,16.63195,74.38423,5097,borewell,2024-09-08,6.95,3.82,0.231,0,32.9,32.4,0.53,14,typhoid,9,High
V019,Village_19,16.63195,74.38423,5097,borewell,2024-09-15,6.97,0.5,0.263,0,23.9,24.9,0.53,9,diarrhea,3,Medium
V019,Village_19,16.63195,74.38423,5097,borewell,2024-09-22,7.53,2.55,0.149,1,5.3,32.5,0.53,3,cholera,3,Medium
V019,Village_19,16.63195,74.38423,5097,borewell,2024-09-29,6.86,1.45,0.329,0,1.8,33.0,0.53,3,diarrhea,6,Medium
V019,Village_19,16.63195,74.38423,5097,borewell,2024-10-06,6.54,3.51,0.463,0,7.5,26.5,0.53,6,typhoid,1,Low
V019,Village_19,16.63195,74.38423,5097,borewell,2024-10-13,6.79,1.86,0.282,0,17.5,24.2,0.53,1,cholera,4,Medium
V019,Village_19,16.63195,74.38423,5097,borewell,2024-10-20,6.89,0.84,0.323,0,1.8,29.9,0.53,4,diarrhea,1,Low
V019,Village_19,16.63195,74.38423,5097,borewell,2024-10-27,6.82,1.36,0.17,0,7.5,36.2,0.53,1,typhoid,3,Medium
V019,Village_19,16.63195,74.38423,5097,borewell,2024-11-03,7.24,0.63,0.491,0,6.8,29.8,0.53,3,typhoid,4,Medium
V019,Village_19,16.63195,74.38423,5097,borewell,2024-11-10,7.68,4.09,0.507,0,1.1,32.0,0.53,4,typhoid,7,High
V019,Village_19,16.63195,74.38423,5097,borewell,2024-11-17,7.46,1.87,0.423,0,8.5,29.5,0.53,7,cholera,5,Medium
V019,Village_19,16.63195,74.38423,5097,borewell,2024-11-24,7.23,5.7,0.27,0,1.5,29.2,0.53,5,diarrhea,5,Medium
V019,Village_19,16.63195,74.38423,5097,borewell,2024-12-01,7.63,1.58,0.077,0,10.3,31.4,0.53,5,hepatitis_a,3,Medium
V019,Village_19,16.63195,74.38423,5097,borewell,2024-12-08,7.37,3.91,0.242,0,11.0,34.6,0.53,3,typhoid,1,Low
V019,Village_19,16.63195,74.38423,5097,borewell,2024-12-15,6.8,1.96,0.332,0,8.9,26.1,0.53,1,typhoid,3,Medium
V019,Village_19,16.63195,74.38423,5097,borewell,2024-12-22,7.95,2.11,0.292,0,3.3,33.5,0.53,3,typhoid,4,Medium
V019,Village_19,16.63195,74.38423,5097,borewell,2024-12-29,6.59,2.63,0.554,0,11.1,29.8,0.53,4,diarrhea,2,Low
V020,Village_20,16.49123,74.14015,10973,borewell,2024-01-07,6.7,1.75,0.37,0,9.5,35.4,0.28,0,hepatitis_a,8,High
V020,Village_20,16.49123,74.14015,10973,borewell,2024-01-14,7.08,4.05,0.418,0,2.5,28.5,0.28,8,diarrhea,6,Medium
V020,Village_20,16.49123,74.14015,10973,borewell,2024-01-21,6.28,3.66,0.345,0,5.6,26.3,0.28,6,typhoid,13,High
V020,Village_20,16.49123,74.14015,10973,borewell,2024-01-28,6.6,2.6,0.149,0,5.4,32.0,0.28,13,diarrhea,15,High
V020,Village_20,16.49123,74.14015,10973,borewell,2024-02-04,6.51,1.29,0.244,0,6.8,31.6,0.28,15,diarrhea,13,High
V020,Village_20,16.49123,74.14015,10973,borewell,2024-02-11,7.12,0.95,0.427,0,4.3,27.2,0.28,13,typhoid,6,Medium
V020,Village_20,16.49123,74.14015,10973,borewell,2024-02-18,6.58,4.98,0.206,0,9.7,31.1,0.28,6,diarrhea,10,High
V020,Village_20,16.49123,74.14015,10973,borewell,2024-02-25,6.92,5.79,0.289,0,8.2,32.5,0.28,10,cholera,10,High
V020,Village_20,16.49123,74.14015,10973,borewell,2024-03-03,6.61,2.78,0.224,0,1.6,27.1,0.28,10,hepatitis_a,13,High
V020,Village_20,16.49123,74.14015,10973,borewell,2024-03-10,6.67,0.63,0.285,0,4.0,30.0,0.28,13,hepatitis_a,4,Medium
V020,Village_20,16.49123,74.14015,10973,borewell,2024-03-17,6.6,1.26,0.364,0,1.1,27.2,0.28,4,typhoid,6,Medium
V020,Village_20,16.49123,74.14015,10973,borewell,2024-03-24,6.6,0.8,0.28,0,20.0,29.7,0.28,6,typhoid,6,Medium
V020,Village_20,16.49123,74.14015,10973,borewell,2024-03-31,7.07,1.41,0.277,0,5.1,28.9,0.28,6,diarrhea,4,Medium
V020,Village_20,16.49123,74.14015,10973,borewell,2024-04-07,6.58,1.12,0.135,0,17.6,34.4,0.28,4,diarrhea,4,Medium
V020,Village_20,16.49123,74.14015,10973,borewell,2024-04-14,6.72,1.87,0.246,0,2.7,28.7,0.28,4,hepatitis_a,6,Medium
V020,Village_20,16.49123,74.14015,10973,borewell,2024-04-21,6.77,1.41,0.229,0,4.7,29.0,0.28,6,cholera,15,High
V020,Village_20,16.49123,74.14015,10973,borewell,2024-04-28,6.95,2.17,0.425,0,19.6,35.7,0.28,15,hepatitis_a,15,High
V020,Village_20,16.49123,74.14015,10973,borewell,2024-05-05,7.41,2.04,0.22,0,7.7,35.5,0.28,15,diarrhea,4,Medium
V020,Village_20,16.49123,74.14015,10973,borewell,2024-05-12,7.17,0.45,0.066,1,22.7,29.6,0.28,4,typhoid,15,High
V020,Village_20,16.49123,74.14015,10973,borewell,2024-05-19,6.8,4.78,0.425,0,17.0,24.2,0.28,15,typhoid,19,High
V020,Village_20,16.49123,74.14015,10973,borewell,2024-05-26,6.54,0.54,0.322,0,3.7,34.1,0.28,19,typhoid,10,High
V020,Village_20,16.49123,74.14015,10973,borewell,2024-06-02,6.98,6.24,0.106,1,14.1,28.6,0.28,10,diarrhea,19,High
V020,Village_20,16.49123,74.14015,10973,borewell,2024-06-09,7.2,2.49,0.215,0,27.1,23.5,0.28,19,cholera,21,High
V020,Village_20,16.49123,74.14015,10973,borewell,2024-06-16,6.68,5.73,0.052,1,108.6,28.2,0.28,21,typhoid,10,High
V020,Village_20,16.49123,74.14015,10973,borewell,2024-06-23,7.25,4.32,0.201,0,81.3,23.9,0.28,10,typhoid,19,High
V020,Village_20,16.49123,74.14015,10973,borewell,2024-06-30,6.82,4.54,0.068,0,16.4,23.1,0.28,19,diarrhea,24,High
V020,Village_20,16.49123,74.14015,10973,borewell,2024-07-07,6.69,0.77,0.095,0,4.1,27.7,0.28,24,hepatitis_a,4,Medium
V020,Village_20,16.49123,74.14015,10973,borewell,2024-07-14,7.56,7.9,0.168,1,14.7,22.2,0.28,4,hepatitis_a,26,High
V020,Village_20,16.49123,74.14015,10973,borewell,2024-07-21,7.73,10.97,0.286,0,8.7,29.4,0.28,26,cholera,19,High
V020,Village_20,16.49123,74.14015,10973,borewell,2024-07-28,6.81,19.82,0.16,1,31.8,29.3,0.28,19,typhoid,43,High
V020,Village_20,16.49123,74.14015,10973,borewell,2024-08-04,6.61,3.81,0.181,0,29.0,19.9,0.28,43,hepatitis_a,15,High
V020,Village_20,16.49123,74.14015,10973,borewell,2024-08-11,6.83,7.95,0.04,1,49.0,29.4,0.28,15,cholera,8,High
V020,Village_20,16.49123,74.14015,10973,borewell,2024-08-18,6.81,3.64,0.172,0,11.8,25.4,0.28,8,hepatitis_a,10,High
V020,Village_20,16.49123,74.14015,10973,borewell,2024-08-25,7.11,10.19,0.136,1,74.9,24.5,0.28,10,typhoid,19,High
V020,Village_20,16.49123,74.14015,10973,borewell,2024-09-01,7.2,7.65,0.206,0,35.0,22.7,0.28,19,typhoid,21,High
V020,Village_20,16.49123,74.14015,10973,borewell,2024-09-08,7.15,1.93,0.122,0,9.4,29.4,0.28,21,diarrhea,10,High
V020,Village_20,16.49123,74.14015,10973,borewell,2024-09-15,6.92,0.89,0.381,0,6.7,25.8,0.28,10,hepatitis_a,6,Medium
V020,Village_20,16.49123,74.14015,10973,borewell,2024-09-22,7.52,3.56,0.236,0,8.3,25.2,0.28,6,diarrhea,13,High
V020,Village_20,16.49123,74.14015,10973,borewell,2024-09-29,7.05,2.03,0.358,0,2.6,30.5,0.28,13,typhoid,10,High
V020,Village_20,16.49123,74.14015,10973,borewell,2024-10-06,6.94,3.92,0.355,0,3.9,29.2,0.28,10,cholera,10,High
V020,Village_20,16.49123,74.14015,10973,borewell,2024-10-13,6.53,1.6,0.335,1,10.6,37.3,0.28,10,diarrhea,13,High
V020,Village_20,16.49123,74.14015,10973,borewell,2024-10-20,6.84,0.54,0.375,0,15.9,24.7,0.28,13,cholera,17,High
V020,Village_20,16.49123,74.14015,10973,borewell,2024-10-27,7.33,4.77,0.181,0,7.2,31.2,0.28,17,cholera,15,High
V020,Village_20,16.49123,74.14015,10973,borewell,2024-11-03,6.92,2.09,0.254,0,2.8,32.1,0.28,15,typhoid,17,High
V020,Village_20,16.49123,74.14015,10973,borewell,2024-11-10,7.21,1.59,0.311,0,14.5,32.4,0.28,17,diarrhea,17,High
V020,Village_20,16.49123,74.14015,10973,borewell,2024-11-17,6.99,4.38,0.38,0,3.1,30.8,0.28,17,typhoid,15,High
V020,Village_20,16.49123,74.14015,10973,borewell,2024-11-24,7.26,0.27,0.221,0,1.3,27.2,0.28,15,diarrhea,15,High
V020,Village_20,16.49123,74.14015,10973,borewell,2024-12-01,6.71,2.63,0.521,0,5.0,25.8,0.28,15,typhoid,13,High
V020,Village_20,16.49123,74.14015,10973,borewell,2024-12-08,7.28,1.1,0.332,0,24.1,32.6,0.28,13,typhoid,10,High
V020,Village_20,16.49123,74.14015,10973,borewell,2024-12-15,7.04,1.39,0.419,0,16.2,25.5,0.28,10,typhoid,4,Medium
V020,Village_20,16.49123,74.14015,10973,borewell,2024-12-22,7.03,4.88,0.314,0,5.9,31.3,0.28,4,typhoid,15,High
V020,Village_20,16.49123,74.14015,10973,borewell,2024-12-29,6.5,0.97,0.309,0,19.6,28.6,0.28,15,hepatitis_a,15,High
