village_id,village_name,latitude,longitude,population,date,ph_level,turbidity_ntu,residual_chlorine_mg_l,bacterial_contamination,rainfall_mm,temperature_c,sanitation_index,historical_cases_last_4_weeks,case_count,outbreak_risk_level,water_quality_risk_score,environmental_risk_score,sanitation_gap,week_number,month,water_source_type_handpump,water_source_type_pond,water_source_type_river,disease_type_diarrhea,disease_type_hepatitis_a,disease_type_typhoid,outbreak_risk_level_encoded
V001,Village_1,16.57454,74.31185,10470,2024-01-07,6.84,1.95,0.456,0,13.1,32.4,0.34,0,8,High,0.7390000000000001,1.0886666666666667,0.6599999999999999,1,1,False,True,False,True,False,False,2
V001,Village_1,16.57454,74.31185,10470,2024-01-14,7.33,2.31,0.462,0,6.4,25.7,0.34,8,18,High,0.769,0.508,0.6599999999999999,2,1,False,True,False,False,False,True,2
V001,Village_1,16.57454,74.31185,10470,2024-01-21,5.94,2.49,0.326,0,5.4,28.9,0.34,18,6,Medium,0.9229999999999999,0.7013333333333333,0.6599999999999999,3,1,False,True,False,True,False,False,1
V001,Village_1,16.57454,74.31185,10470,2024-01-28,6.58,1.78,0.382,0,8.6,28.0,0.34,6,2,Low,0.796,0.7053333333333334,0.6599999999999999,4,1,False,True,False,False,False,False,0
V001,Village_1,16.57454,74.31185,10470,2024-02-04,6.99,2.84,0.274,0,7.0,37.4,0.34,2,6,Medium,1.01,1.2999999999999998,0.6599999999999999,5,2,False,True,False,False,True,False,1
V001,Village_1,16.57454,74.31185,10470,2024-02-11,7.22,1.97,0.351,0,2.3,31.1,0.34,6,2,Low,0.8460000000000001,0.7860000000000001,0.6599999999999999,6,2,False,True,False,True,False,False,0
V001,Village_1,16.57454,74.31185,10470,2024-02-18,7.21,0.43,0.307,0,19.9,32.6,0.34,2,12,High,0.7360000000000001,1.238,0.6599999999999999,7,2,False,True,False,False,False,True,2
V001,Village_1,16.57454,74.31185,10470,2024-02-25,7.06,2.64,0.4,0,3.0,30.0,0.34,12,14,High,0.864,0.7266666666666666,0.6599999999999999,8,2,False,True,False,False,False,False,2
V001,Village_1,16.57454,74.31185,10470,2024-03-03,7.07,2.49,0.229,0,7.9,32.5,0.34,14,6,Medium,1.02,0.9913333333333334,0.6599999999999999,9,3,False,True,False,False,True,False,1
V001,Village_1,16.57454,74.31185,10470,2024-03-10,6.25,1.06,0.342,0,2.2,34.0,0.34,6,10,High,0.7639999999999999,0.9773333333333334,0.6599999999999999,10,3,False,True,False,False,False,True,2
V001,Village_1,16.57454,74.31185,10470,2024-03-17,6.57,0.52,0.297,0,6.7,34.4,0.34,10,16,High,0.7550000000000001,1.0939999999999999,0.6599999999999999,11,3,False,True,False,False,False,False,2
V001,Village_1,16.57454,74.31185,10470,2024-03-24,6.35,0.99,0.166,0,9.5,28.2,0.34,16,10,High,0.9329999999999999,0.7366666666666666,0.6599999999999999,12,3,False,True,False,True,False,False,2
V001,Village_1,16.57454,74.31185,10470,2024-03-31,7.21,0.85,0.438,0,8.7,31.7,0.34,10,2,Low,0.647,0.954,0.6599999999999999,13,3,False,True,False,False,False,False,0
V001,Village_1,16.57454,74.31185,10470,2024-04-07,6.84,1.81,0.307,0,9.7,28.3,0.34,2,2,Low,0.8740000000000001,0.7473333333333333,0.6599999999999999,14,4,False,True,False,True,False,False,0
V001,Village_1,16.57454,74.31185,10470,2024-04-14,7.62,1.35,0.409,0,1.0,31.1,0.34,2,6,Medium,0.726,0.7600000000000001,0.6599999999999999,15,4,False,True,False,False,False,False,1
V001,Village_1,16.57454,74.31185,10470,2024-04-21,7.34,1.34,0.214,0,7.4,29.7,0.34,6,8,High,0.92,0.7946666666666666,0.6599999999999999,16,4,False,True,False,False,False,True,2
V001,Village_1,16.57454,74.31185,10470,2024-04-28,7.15,0.61,0.392,0,8.4,25.2,0.34,8,4,Medium,0.669,0.5146666666666666,0.6599999999999999,17,4,False,True,False,True,False,False,1
V001,Village_1,16.57454,74.31185,10470,2024-05-05,7.24,1.62,0.37,0,19.3,28.0,0.34,4,8,High,0.792,0.9193333333333333,0.6599999999999999,18,5,False,True,False,False,False,True,2
V001,Village_1,16.57454,74.31185,10470,2024-05-12,7.08,2.7,0.391,1,17.2,25.7,0.34,8,23,High,1.879,0.724,0.6599999999999999,19,5,False,True,False,False,True,False,2
V001,Village_1,16.57454,74.31185,10470,2024-05-19,6.48,1.83,0.423,0,4.0,28.7,0.34,23,6,Medium,0.76,0.6599999999999999,0.6599999999999999,20,5,False,True,False,False,False,True,1
V001,Village_1,16.57454,74.31185,10470,2024-05-26,7.22,3.54,0.363,0,12.9,34.4,0.34,6,10,High,0.991,1.218,0.6599999999999999,21,5,False,True,False,False,False,False,2
V001,Village_1,16.57454,74.31185,10470,2024-06-02,6.1,3.65,0.363,0,3.6,33.4,0.34,10,6,Medium,1.002,0.9653333333333332,0.6599999999999999,22,6,False,True,False,False,False,False,1
V001,Village_1,16.57454,74.31185,10470,2024-06-09,6.6,16.67,0.257,0,31.8,25.6,0.34,6,33,High,2.41,1.0093333333333334,0.6599999999999999,23,6,False,True,False,False,True,False,2
V001,Village_1,16.57454,74.31185,10470,2024-06-16,6.93,5.31,0.179,1,8.1,21.3,0.34,33,20,High,2.352,0.2486666666666667,0.6599999999999999,24,6,False,True,False,False,True,False,2
V001,Village_1,16.57454,74.31185,10470,2024-06-23,7.13,3.92,0.15,0,31.5,30.4,0.34,20,16,High,1.242,1.3233333333333333,0.6599999999999999,25,6,False,True,False,False,False,False,2
V001,Village_1,16.57454,74.31185,10470,2024-06-30,6.61,6.19,0.08,1,12.2,25.5,0.34,16,20,High,2.539,0.6106666666666667,0.6599999999999999,26,6,False,True,False,False,False,True,2
V001,Village_1,16.57454,74.31185,10470,2024-07-07,7.23,6.44,0.338,0,50.8,20.6,0.34,20,16,High,1.306,1.056,0.6599999999999999,27,7,False,True,False,False,False,True,2
V001,Village_1,16.57454,74.31185,10470,2024-07-14,7.1,12.42,0.082,1,48.9,25.7,0.34,16,25,High,3.16,1.3579999999999999,0.6599999999999999,28,7,False,True,False,False,False,False,2
V001,Village_1,16.57454,74.31185,10470,2024-07-21,7.02,6.26,0.151,1,57.3,26.8,0.34,25,31,High,2.475,1.5993333333333333,0.6599999999999999,29,7,False,True,False,False,False,False,2
V001,Village_1,16.57454,74.31185,10470,2024-07-28,5.61,2.33,0.083,0,13.2,24.1,0.34,31,16,High,1.1500000000000001,0.5373333333333334,0.6599999999999999,30,7,False,True,False,False,False,True,2
V001,Village_1,16.57454,74.31185,10470,2024-08-04,6.3,3.79,0.256,0,20.2,24.7,0.34,16,18,High,1.123,0.7173333333333333,0.6599999999999999,31,8,False,True,False,True,False,False,2
V001,Village_1,16.57454,74.31185,10470,2024-08-11,7.15,5.51,0.102,1,35.0,27.8,0.34,18,12,High,2.449,1.22,0.6599999999999999,32,8,False,True,False,True,False,False,2
V001,Village_1,16.57454,74.31185,10470,2024-08-18,6.88,2.17,0.225,0,6.7,27.1,0.34,12,12,High,0.992,0.6073333333333335,0.6599999999999999,33,8,False,True,False,False,False,False,2
V001,Village_1,16.57454,74.31185,10470,2024-08-25,7.79,1.61,0.034,0,73.8,33.1,0.34,12,12,High,1.127,2.3493333333333335,0.6599999999999999,34,8,False,True,False,True,False,False,2
V001,Village_1,16.57454,74.31185,10470,2024-09-01,6.9,3.89,0.314,1,21.4,33.1,0.34,12,16,High,2.075,1.3013333333333335,0.6599999999999999,35,9,False,True,False,False,True,False,2
V001,Village_1,16.57454,74.31185,10470,2024-09-08,6.13,1.06,0.171,0,12.8,27.7,0.34,16,10,High,0.9349999999999999,0.7693333333333333,0.6599999999999999,36,9,False,True,False,False,False,True,2
V001,Village_1,16.57454,74.31185,10470,2024-09-15,7.23,0.58,0.16,0,4.8,34.2,0.34,10,10,High,0.8979999999999999,1.0426666666666669,0.6599999999999999,37,9,False,True,False,False,False,True,2
V001,Village_1,16.57454,74.31185,10470,2024-09-22,7.23,1.99,0.345,0,11.7,30.4,0.34,10,8,High,0.8540000000000001,0.9273333333333332,0.6599999999999999,38,9,False,True,False,False,False,True,2
V001,Village_1,16.57454,74.31185,10470,2024-09-29,6.34,1.56,0.364,0,12.0,28.6,0.34,8,10,High,0.792,0.8133333333333335,0.6599999999999999,39,9,False,True,False,False,True,False,2
V001,Village_1,16.57454,74.31185,10470,2024-10-06,6.91,1.89,0.198,0,10.5,27.0,0.34,10,10,High,0.9910000000000001,0.6766666666666666,0.6599999999999999,40,10,False,True,False,False,True,False,2
V001,Village_1,16.57454,74.31185,10470,2024-10-13,7.24,2.42,0.241,0,7.5,33.5,0.34,10,10,High,1.001,1.05,0.6599999999999999,41,10,False,True,False,False,False,False,2
V001,Village_1,16.57454,74.31185,10470,2024-10-20,7.8,2.41,0.381,0,4.4,35.7,0.34,10,14,High,0.86,1.134666666666667,0.6599999999999999,42,10,False,True,False,True,False,False,2
V001,Village_1,16.57454,74.31185,10470,2024-10-27,7.1,4.62,0.318,0,1.4,31.5,0.34,14,14,High,1.144,0.7946666666666667,0.6599999999999999,43,10,False,True,False,False,False,False,2
V001,Village_1,16.57454,74.31185,10470,2024-11-03,5.97,2.09,0.551,0,0.5,32.0,0.34,14,10,High,0.6579999999999999,0.81,0.6599999999999999,44,11,False,True,False,True,False,False,2
V001,Village_1,16.57454,74.31185,10470,2024-11-10,8.06,5.33,0.318,0,4.9,24.7,0.34,10,10,High,1.2149999999999999,0.41133333333333333,0.6599999999999999,45,11,False,True,False,True,False,False,2
V001,Village_1,16.57454,74.31185,10470,2024-11-17,6.81,1.18,0.25,0,15.0,32.0,0.34,10,6,Medium,0.868,1.1,0.6599999999999999,46,11,False,True,False,True,False,False,1
V001,Village_1,16.57454,74.31185,10470,2024-11-24,6.4,0.59,0.17,0,12.9,32.6,0.34,6,6,Medium,0.889,1.098,0.6599999999999999,47,11,False,True,False,True,False,False,1
V001,Village_1,16.57454,74.31185,10470,2024-12-01,6.41,3.76,0.308,0,5.4,27.8,0.34,6,4,Medium,1.068,0.628,0.6599999999999999,48,12,False,True,False,False,False,False,1
V001,Village_1,16.57454,74.31185,10470,2024-12-08,6.95,2.02,0.298,0,6.7,30.5,0.34,4,12,High,0.9039999999999999,0.834,0.6599999999999999,49,12,False,True,False,False,False,False,2
V001,Village_1,16.57454,74.31185,10470,2024-12-15,6.91,1.97,0.243,0,7.5,34.8,0.34,12,6,Medium,0.954,1.1366666666666665,0.6599999999999999,50,12,False,True,False,False,False,True,1
V001,Village_1,16.57454,74.31185,10470,2024-12-22,7.04,3.34,0.187,0,9.5,27.7,0.34,6,20,High,1.1469999999999998,0.7033333333333334,0.6599999999999999,51,12,False,True,False,False,False,False,2
V001,Village_1,16.57454,74.31185,10470,2024-12-29,7.38,3.45,0.437,0,6.0,34.1,0.34,20,12,High,0.9079999999999999,1.06,0.6599999999999999,52,12,False,True,False,False,False,False,2
V002,Village_2,17.15071,73.83949,11548,2024-01-07,6.85,3.91,0.297,0,0.7,35.1,0.2,0,11,High,1.094,1.0206666666666668,0.8,1,1,False,True,False,False,True,False,2
V002,Village_2,17.15071,73.83949,11548,2024-01-14,7.05,4.37,0.435,0,6.4,33.3,0.2,11,9,High,1.002,1.0146666666666664,0.8,2,1,False,True,False,False,False,True,2
V002,Village_2,17.15071,73.83949,11548,2024-01-21,6.26,0.81,0.351,0,8.1,32.9,0.2,9,6,Medium,0.73,1.0219999999999998,0.8,3,1,False,True,False,False,True,False,1
V002,Village_2,17.15071,73.83949,11548,2024-01-28,7.05,1.81,0.354,0,2.0,32.5,0.2,6,6,Medium,0.827,0.8733333333333334,0.8,4,1,False,True,False,False,True,False,1
V002,Village_2,17.15071,73.83949,11548,2024-02-04,6.86,9.17,0.29,0,10.3,25.4,0.2,6,11,High,1.627,0.566,0.8,5,2,False,True,False,False,False,False,2
V002,Village_2,17.15071,73.83949,11548,2024-02-11,7.78,1.14,0.322,0,8.0,29.1,0.2,11,18,High,0.7919999999999999,0.7666666666666668,0.8,6,2,False,True,False,False,True,False,2
V002,Village_2,17.15071,73.83949,11548,2024-02-18,7.45,0.75,0.405,0,11.8,30.4,0.2,18,20,High,0.6699999999999999,0.9293333333333332,0.8,7,2,False,True,False,False,False,True,2
V002,Village_2,17.15071,73.83949,11548,2024-02-25,7.69,5.01,0.315,0,6.3,30.5,0.2,20,6,Medium,1.186,0.826,0.8,8,2,False,True,False,False,True,False,1
V002,Village_2,17.15071,73.83949,11548,2024-03-03,7.92,4.56,0.232,0,7.1,33.2,0.2,6,11,High,1.224,1.0220000000000002,0.8,9,3,False,True,False,True,False,False,2
V002,Village_2,17.15071,73.83949,11548,2024-03-10,7.25,1.38,0.141,0,5.0,32.4,0.2,11,13,High,0.997,0.9266666666666665,0.8,10,3,False,True,False,True,False,False,2
V002,Village_2,17.15071,73.83949,11548,2024-03-17,7.07,8.14,0.234,0,13.2,29.4,0.2,13,6,Medium,1.58,0.8906666666666666,0.8,11,3,False,True,False,False,False,False,1
V002,Village_2,17.15071,73.83949,11548,2024-03-24,6.4,2.9,0.31,0,9.5,31.4,0.2,6,9,High,0.98,0.95,0.8,12,3,False,True,False,False,False,False,2
V002,Village_2,17.15071,73.83949,11548,2024-03-31,6.75,8.33,0.394,0,4.2,31.9,0.2,9,13,High,1.439,0.8773333333333332,0.8,13,3,False,True,False,False,False,False,2
V002,Village_2,17.15071,73.83949,11548,2024-04-07,7.01,2.16,0.391,0,4.9,29.3,0.2,13,30,High,0.825,0.718,0.8,14,4,False,True,False,False,True,False,2
V002,Village_2,17.15071,73.83949,11548,2024-04-14,7.01,1.11,0.349,1,5.8,30.4,0.2,30,11,High,1.762,0.8093333333333332,0.8,15,4,False,True,False,False,True,False,2
V002,Village_2,17.15071,73.83949,11548,2024-04-21,6.91,1.13,0.419,0,15.7,28.8,0.2,11,9,High,0.694,0.9006666666666667,0.8,16,4,False,True,False,True,False,False,2
V002,Village_2,17.15071,73.83949,11548,2024-04-28,6.78,0.3,0.397,0,13.9,26.9,0.2,9,9,High,0.633,0.738,0.8,17,4,False,True,False,True,False,False,2
V002,Village_2,17.15071,73.83949,11548,2024-05-05,7.04,0.64,0.43,0,8.8,29.7,0.2,9,6,Medium,0.6340000000000001,0.8226666666666667,0.8,18,5,False,True,False,False,True,False,1
V002,Village_2,17.15071,73.83949,11548,2024-05-12,6.98,0.64,0.466,0,10.6,29.7,0.2,6,13,High,0.5980000000000001,0.8586666666666666,0.8,19,5,False,True,False,True,False,False,2
V002,Village_2,17.15071,73.83949,11548,2024-05-19,6.9,0.67,0.351,0,8.0,29.5,0.2,13,6,Medium,0.716,0.7933333333333333,0.8,20,5,False,True,False,False,True,False,1
V002,Village_2,17.15071,73.83949,11548,2024-05-26,7.34,1.06,0.299,0,3.7,35.4,0.2,6,13,High,0.807,1.1006666666666667,0.8,21,5,False,True,False,False,False,False,2
V002,Village_2,17.15071,73.83949,11548,2024-06-02,6.64,3.62,0.316,1,3.8,32.8,0.2,13,13,High,2.046,0.9293333333333331,0.8,22,6,False,True,False,False,False,True,2
V002,Village_2,17.15071,73.83949,11548,2024-06-09,7.4,2.04,0.122,0,20.1,25.7,0.2,13,27,High,1.082,0.782,0.8,23,6,False,True,False,True,False,False,2
V002,Village_2,17.15071,73.83949,11548,2024-06-16,7.6,17.23,0.14,0,39.1,28.0,0.2,27,36,High,2.583,1.3153333333333332,0.8,24,6,False,True,False,False,True,False,2
V002,Village_2,17.15071,73.83949,11548,2024-06-23,6.63,4.91,0.364,0,9.9,24.4,0.2,36,16,High,1.127,0.49133333333333323,0.8,25,6,False,True,False,False,False,False,2
V002,Village_2,17.15071,73.83949,11548,2024-06-30,7.31,4.01,0.237,0,42.6,29.4,0.2,16,30,High,1.164,1.4786666666666666,0.8,26,6,False,True,False,False,False,True,2
V002,Village_2,17.15071,73.83949,11548,2024-07-07,7.22,6.36,0.121,1,14.7,27.2,0.2,30,30,High,2.515,0.7739999999999999,0.8,27,7,False,True,False,False,True,False,2
V002,Village_2,17.15071,73.83949,11548,2024-07-14,7.62,10.41,0.322,0,18.5,22.0,0.2,30,23,High,1.7189999999999999,0.5033333333333333,0.8,28,7,False,True,False,True,False,False,2
V002,Village_2,17.15071,73.83949,11548,2024-07-21,6.86,1.31,0.115,1,30.3,27.9,0.2,23,20,High,2.016,1.1326666666666667,0.8,29,7,False,True,False,False,False,False,2
V002,Village_2,17.15071,73.83949,11548,2024-07-28,6.87,5.7,0.259,0,41.3,28.9,0.2,20,13,High,1.311,1.4193333333333333,0.8,30,7,False,True,False,False,False,False,2
V002,Village_2,17.15071,73.83949,11548,2024-08-04,5.84,6.97,0.25,0,17.2,26.4,0.2,13,13,High,1.447,0.7706666666666666,0.8,31,8,False,True,False,False,True,False,2
V002,Village_2,17.15071,73.83949,11548,2024-08-11,6.96,8.81,0.028,1,38.5,23.6,0.2,13,36,High,2.8529999999999998,1.0100000000000002,0.8,32,8,False,True,False,False,False,True,2
V002,Village_2,17.15071,73.83949,11548,2024-08-18,6.54,6.95,0.214,0,24.5,26.6,0.2,36,25,High,1.481,0.9300000000000002,0.8,33,8,False,True,False,False,False,False,2
V002,Village_2,17.15071,73.83949,11548,2024-08-25,7.12,3.81,0.171,0,32.2,22.7,0.2,25,18,High,1.21,0.824,0.8,34,8,False,True,False,False,True,False,2
V002,Village_2,17.15071,73.83949,11548,2024-09-01,6.14,0.95,0.051,0,12.7,22.2,0.2,18,6,Medium,1.044,0.4006666666666666,0.8,35,9,False,True,False,False,False,False,1
V002,Village_2,17.15071,73.83949,11548,2024-09-08,6.35,7.82,0.156,1,58.5,28.1,0.2,6,36,High,2.626,1.71,0.8,36,9,False,True,False,True,False,False,2
V002,Village_2,17.15071,73.83949,11548,2024-09-15,6.61,1.6,0.213,0,7.6,27.7,0.2,36,25,High,0.9470000000000001,0.6653333333333333,0.8,37,9,False,True,False,True,False,False,2
V002,Village_2,17.15071,73.83949,11548,2024-09-22,6.82,1.79,0.38,0,12.9,28.0,0.2,25,25,High,0.7989999999999999,0.7913333333333333,0.8,38,9,False,True,False,True,False,False,2
V002,Village_2,17.15071,73.83949,11548,2024-09-29,7.11,1.25,0.233,0,14.6,32.4,0.2,25,13,High,0.892,1.1186666666666665,0.8,39,9,False,True,False,False,False,False,2
V002,Village_2,17.15071,73.83949,11548,2024-10-06,7.27,0.57,0.375,0,2.5,27.8,0.2,13,11,High,0.6819999999999999,0.5700000000000001,0.8,40,10,False,True,False,False,False,True,2
V002,Village_2,17.15071,73.83949,11548,2024-10-13,6.59,3.01,0.242,0,1.4,25.1,0.2,11,13,High,1.059,0.3680000000000001,0.8,41,10,False,True,False,False,False,False,2
V002,Village_2,17.15071,73.83949,11548,2024-10-20,6.4,0.55,0.281,0,19.8,32.6,0.2,13,9,High,0.774,1.2360000000000002,0.8,42,10,False,True,False,True,False,False,2
V002,Village_2,17.15071,73.83949,11548,2024-10-27,6.88,0.51,0.458,0,1.9,30.5,0.2,9,11,High,0.5930000000000001,0.738,0.8,43,10,False,True,False,False,True,False,2
V002,Village_2,17.15071,73.83949,11548,2024-11-03,7.17,1.15,0.327,0,12.2,32.3,0.2,11,9,High,0.788,1.0639999999999998,0.8,44,11,False,True,False,False,True,False,2
V002,Village_2,17.15071,73.83949,11548,2024-11-10,6.55,2.89,0.516,0,8.6,24.5,0.2,9,16,High,0.773,0.472,0.8,45,11,False,True,False,True,False,False,2
V002,Village_2,17.15071,73.83949,11548,2024-11-17,6.83,1.49,0.255,0,8.8,36.0,0.2,16,18,High,0.894,1.2426666666666666,0.8,46,11,False,True,False,False,False,True,2
V002,Village_2,17.15071,73.83949,11548,2024-11-24,7.02,1.56,0.351,0,4.2,26.8,0.2,18,9,High,0.805,0.5373333333333333,0.8,47,11,False,True,False,False,False,False,2
V002,Village_2,17.15071,73.83949,11548,2024-12-01,6.97,4.35,0.098,0,6.9,29.3,0.2,9,11,High,1.337,0.758,0.8,48,12,False,True,False,True,False,False,2
V002,Village_2,17.15071,73.83949,11548,2024-12-08,7.36,2.28,0.147,0,1.6,28.8,0.2,11,18,High,1.081,0.6186666666666667,0.8,49,12,False,True,False,False,True,False,2
V002,Village_2,17.15071,73.83949,11548,2024-12-15,7.7,1.66,0.195,0,9.1,29.7,0.2,18,4,Medium,0.9709999999999999,0.8286666666666667,0.8,50,12,False,True,False,False,False,False,1
V002,Village_2,17.15071,73.83949,11548,2024-12-22,6.94,1.95,0.42,0,11.7,27.0,0.2,4,11,High,0.7750000000000001,0.7006666666666667,0.8,51,12,False,True,False,False,False,True,2
V002,Village_2,17.15071,73.83949,11548,2024-12-29,6.92,2.81,0.317,0,5.2,33.1,0.2,11,18,High,0.9640000000000001,0.9773333333333334,0.8,52,12,False,True,False,False,True,False,2
V003,Village_3,16.93199,73.99214,1575,2024-01-07,7.07,6.03,0.263,0,4.9,30.3,0.77,0,1,Low,1.3399999999999999,0.7846666666666667,0.22999999999999998,1,1,False,False,False,False,True,False,0
V003,Village_3,16.93199,73.99214,1575,2024-01-14,6.68,0.75,0.122,0,8.0,29.9,0.77,1,2,Low,0.953,0.82,0.22999999999999998,2,1,False,False,False,False,False,False,0
V003,Village_3,16.93199,73.99214,1575,2024-01-21,7.02,2.99,0.242,0,5.9,34.0,0.77,2,1,Low,1.057,1.0513333333333335,0.22999999999999998,3,1,False,False,False,False,False,False,0
V003,Village_3,16.93199,73.99214,1575,2024-01-28,7.09,0.76,0.336,0,11.9,29.9,0.77,1,2,Low,0.7399999999999999,0.8979999999999999,0.22999999999999998,4,1,False,False,False,False,True,False,0
V003,Village_3,16.93199,73.99214,1575,2024-02-04,6.77,1.76,0.386,0,3.0,30.6,0.77,2,1,Low,0.79,0.7666666666666668,0.22999999999999998,5,2,False,False,False,False,False,False,0
V003,Village_3,16.93199,73.99214,1575,2024-02-11,7.69,4.3,0.22,0,2.0,30.7,0.77,1,3,Medium,1.21,0.7533333333333333,0.22999999999999998,6,2,False,False,False,False,False,False,1
V003,Village_3,16.93199,73.99214,1575,2024-02-18,7.15,2.12,0.375,0,8.3,24.3,0.77,3,1,Low,0.837,0.4526666666666668,0.22999999999999998,7,2,False,False,False,False,True,False,0
V003,Village_3,16.93199,73.99214,1575,2024-02-25,6.48,0.95,0.238,0,10.2,32.3,0.77,1,1,Low,0.857,1.0239999999999998,0.22999999999999998,8,2,False,False,False,False,False,True,0
V003,Village_3,16.93199,73.99214,1575,2024-03-03,6.56,2.02,0.155,0,13.9,29.6,0.77,1,1,Low,1.047,0.9180000000000001,0.22999999999999998,9,3,False,False,False,True,False,False,0
V003,Village_3,16.93199,73.99214,1575,2024-03-10,6.84,2.67,0.212,0,15.1,31.9,0.77,1,1,Low,1.0550000000000002,1.0953333333333333,0.22999999999999998,10,3,False,False,False,False,False,False,0
V003,Village_3,16.93199,73.99214,1575,2024-03-17,7.24,6.58,0.402,0,4.8,35.6,0.77,1,2,Low,1.256,1.1360000000000001,0.22999999999999998,11,3,False,False,False,False,True,False,0
V003,Village_3,16.93199,73.99214,1575,2024-03-24,6.77,2.61,0.242,0,7.1,33.9,0.77,2,3,Medium,1.0190000000000001,1.0686666666666664,0.22999999999999998,12,3,False,False,False,True,False,False,1
V003,Village_3,16.93199,73.99214,1575,2024-03-31,7.14,4.21,0.175,0,5.8,28.9,0.77,3,3,Medium,1.246,0.7093333333333333,0.22999999999999998,13,3,False,False,False,False,False,True,1
V003,Village_3,16.93199,73.99214,1575,2024-04-07,7.06,0.52,0.019,0,4.8,31.6,0.77,3,2,Low,1.033,0.8693333333333334,0.22999999999999998,14,4,False,False,False,False,False,True,0
V003,Village_3,16.93199,73.99214,1575,2024-04-14,6.92,1.24,0.29,0,8.5,31.2,0.77,2,2,Low,0.834,0.9166666666666666,0.22999999999999998,15,4,False,False,False,True,False,False,0
V003,Village_3,16.93199,73.99214,1575,2024-04-21,7.43,4.12,0.503,0,4.5,32.1,0.77,2,0,Low,0.909,0.8966666666666667,0.22999999999999998,16,4,False,False,False,True,False,False,0
V003,Village_3,16.93199,73.99214,1575,2024-04-28,6.76,2.91,0.289,0,3.6,30.2,0.77,0,2,Low,1.0020000000000002,0.752,0.22999999999999998,17,4,False,False,False,False,False,False,0
V003,Village_3,16.93199,73.99214,1575,2024-05-05,7.15,0.98,0.284,0,2.0,26.8,0.77,2,0,Low,0.814,0.49333333333333335,0.22999999999999998,18,5,False,False,False,False,True,False,0
V003,Village_3,16.93199,73.99214,1575,2024-05-12,6.98,2.14,0.173,0,6.8,27.5,0.77,0,0,Low,1.041,0.636,0.22999999999999998,19,5,False,False,False,False,True,False,0
V003,Village_3,16.93199,73.99214,1575,2024-05-19,7.03,3.85,0.231,0,6.1,33.4,0.77,0,1,Low,1.154,1.0153333333333332,0.22999999999999998,20,5,False,False,False,False,False,False,0
V003,Village_3,16.93199,73.99214,1575,2024-05-26,7.2,5.72,0.264,0,6.6,30.4,0.77,1,2,Low,1.3079999999999998,0.8253333333333333,0.22999999999999998,21,5,False,False,False,False,False,True,0
V003,Village_3,16.93199,73.99214,1575,2024-06-02,6.95,1.0,0.087,0,3.5,25.5,0.77,2,2,Low,1.0130000000000001,0.43666666666666665,0.22999999999999998,22,6,False,False,False,False,True,False,0
V003,Village_3,16.93199,73.99214,1575,2024-06-09,7.26,9.08,0.248,0,11.6,26.2,0.77,2,2,Low,1.6600000000000001,0.6453333333333333,0.22999999999999998,23,6,False,False,False,True,False,False,0
V003,Village_3,16.93199,73.99214,1575,2024-06-16,6.66,9.98,0.087,1,61.5,23.6,0.77,2,5,Medium,2.911,1.4700000000000002,0.22999999999999998,24,6,False,False,False,False,False,False,1
V003,Village_3,16.93199,73.99214,1575,2024-06-23,8.04,4.08,0.269,0,54.3,22.4,0.77,5,3,Medium,1.139,1.2459999999999998,0.22999999999999998,25,6,False,False,False,False,False,True,1
V003,Village_3,16.93199,73.99214,1575,2024-06-30,6.35,8.43,0.093,1,30.8,28.2,0.77,3,4,Medium,2.75,1.1626666666666665,0.22999999999999998,26,6,False,False,False,False,False,True,1
V003,Village_3,16.93199,73.99214,1575,2024-07-07,6.68,4.91,0.187,0,28.3,27.2,0.77,4,0,Low,1.3039999999999998,1.046,0.22999999999999998,27,7,False,False,False,False,True,False,0
V003,Village_3,16.93199,73.99214,1575,2024-07-14,6.76,4.18,0.091,0,11.0,27.5,0.77,0,4,Medium,1.327,0.72,0.22999999999999998,28,7,False,False,False,False,False,False,1
V003,Village_3,16.93199,73.99214,1575,2024-07-21,6.95,5.6,0.261,0,8.1,23.1,0.77,4,1,Low,1.299,0.36866666666666675,0.22999999999999998,29,7,False,False,False,True,False,False,0
V003,Village_3,16.93199,73.99214,1575,2024-07-28,7.22,6.66,0.08,1,17.9,25.8,0.77,1,4,Medium,2.5860000000000003,0.7446666666666667,0.22999999999999998,30,7,False,False,False,False,False,False,1
V003,Village_3,16.93199,73.99214,1575,2024-08-04,7.31,3.92,0.0,0,46.3,25.9,0.77,4,3,Medium,1.392,1.3193333333333332,0.22999999999999998,31,8,False,False,False,False,False,True,1
V003,Village_3,16.93199,73.99214,1575,2024-08-11,7.74,0.98,0.1,0,57.5,26.3,0.77,3,1,Low,0.998,1.5699999999999998,0.22999999999999998,32,8,False,False,False,False,False,False,0
V003,Village_3,16.93199,73.99214,1575,2024-08-18,6.27,24.3,0.085,1,45.6,28.0,0.77,1,6,Medium,4.345000000000001,1.4453333333333334,0.22999999999999998,33,8,False,False,False,False,False,False,1
V003,Village_3,16.93199,73.99214,1575,2024-08-25,6.64,2.47,0.189,0,64.3,25.2,0.77,6,2,Low,1.058,1.6326666666666667,0.22999999999999998,34,8,False,False,False,False,False,False,0
V003,Village_3,16.93199,73.99214,1575,2024-09-01,7.3,0.51,0.0,0,11.0,25.3,0.77,2,1,Low,1.051,0.5733333333333334,0.22999999999999998,35,9,False,False,False,False,False,False,0
V003,Village_3,16.93199,73.99214,1575,2024-09-08,6.8,0.28,0.006,0,31.2,26.9,0.77,1,1,Low,1.022,1.0839999999999999,0.22999999999999998,36,9,False,False,False,False,True,False,0
V003,Village_3,16.93199,73.99214,1575,2024-09-15,6.74,2.03,0.26,0,6.1,33.2,0.77,1,2,Low,0.943,1.0020000000000002,0.22999999999999998,37,9,False,False,False,False,True,False,0
V003,Village_3,16.93199,73.99214,1575,2024-09-22,6.85,3.54,0.354,0,10.9,31.3,0.77,2,1,Low,1.0,0.9713333333333334,0.22999999999999998,38,9,False,False,False,False,False,False,0
V003,Village_3,16.93199,73.99214,1575,2024-09-29,6.93,2.12,0.351,0,10.1,29.6,0.77,1,2,Low,0.861,0.8420000000000001,0.22999999999999998,39,9,False,False,False,False,False,False,0
V003,Village_3,16.93199,73.99214,1575,2024-10-06,7.76,2.19,0.332,0,9.3,26.8,0.77,2,0,Low,0.8869999999999999,0.6393333333333334,0.22999999999999998,40,10,False,False,False,True,False,False,0
V003,Village_3,16.93199,73.99214,1575,2024-10-13,6.74,3.64,0.429,0,7.5,26.9,0.77,0,2,Low,0.9349999999999999,0.6099999999999999,0.22999999999999998,41,10,False,False,False,True,False,False,0
V003,Village_3,16.93199,73.99214,1575,2024-10-20,6.97,2.8,0.273,0,20.7,34.5,0.77,2,1,Low,1.007,1.3806666666666667,0.22999999999999998,42,10,False,False,False,False,True,False,0
V003,Village_3,16.93199,73.99214,1575,2024-10-27,6.78,2.08,0.284,0,5.2,32.3,0.77,1,1,Low,0.9239999999999999,0.9239999999999998,0.22999999999999998,43,10,False,False,False,False,False,False,0
V003,Village_3,16.93199,73.99214,1575,2024-11-03,7.04,7.1,0.189,1,5.6,34.5,0.77,1,1,Low,2.521,1.0786666666666667,0.22999999999999998,44,11,False,False,False,False,False,True,0
V003,Village_3,16.93199,73.99214,1575,2024-11-10,7.47,1.86,0.323,0,5.4,34.8,0.77,1,1,Low,0.863,1.0946666666666665,0.22999999999999998,45,11,False,False,False,False,False,False,0
V003,Village_3,16.93199,73.99214,1575,2024-11-17,6.8,0.3,0.366,0,8.8,37.9,0.77,1,0,Low,0.664,1.369333333333333,0.22999999999999998,46,11,False,False,False,False,False,True,0
V003,Village_3,16.93199,73.99214,1575,2024-11-24,6.57,2.1,0.349,0,5.8,28.6,0.77,0,2,Low,0.861,0.6893333333333335,0.22999999999999998,47,11,False,False,False,True,False,False,0
V003,Village_3,16.93199,73.99214,1575,2024-12-01,6.97,5.16,0.308,0,8.0,29.4,0.77,2,3,Medium,1.208,0.7866666666666666,0.22999999999999998,48,12,False,False,False,False,False,True,1
V003,Village_3,16.93199,73.99214,1575,2024-12-08,6.95,3.13,0.263,0,5.0,30.8,0.77,3,2,Low,1.05,0.8200000000000001,0.22999999999999998,49,12,False,False,False,False,True,False,0
V003,Village_3,16.93199,73.99214,1575,2024-12-15,7.12,2.3,0.354,0,2.3,32.2,0.77,2,2,Low,0.876,0.8593333333333336,0.22999999999999998,50,12,False,False,False,False,True,False,0
V003,Village_3,16.93199,73.99214,1575,2024-12-22,7.26,1.8,0.4,1,5.7,33.4,0.77,2,2,Low,1.78,1.0073333333333332,0.22999999999999998,51,12,False,False,False,False,True,False,0
V003,Village_3,16.93199,73.99214,1575,2024-12-29,6.86,0.93,0.288,0,7.7,33.6,0.77,2,2,Low,0.8049999999999999,1.0606666666666666,0.22999999999999998,52,12,False,False,False,True,False,False,0
V004,Village_4,16.79866,74.06636,9026,2024-01-07,6.73,0.98,0.298,0,8.7,33.2,0.69,0,5,Medium,0.7999999999999999,1.0540000000000003,0.31000000000000005,1,1,True,False,False,True,False,False,1
V004,Village_4,16.79866,74.06636,9026,2024-01-14,7.25,3.5,0.253,0,5.9,31.2,0.69,5,3,Medium,1.097,0.8646666666666666,0.31000000000000005,2,1,True,False,False,False,False,True,1
V004,Village_4,16.79866,74.06636,9026,2024-01-21,6.89,1.77,0.37,0,3.4,27.2,0.69,3,1,Low,0.8069999999999999,0.5479999999999999,0.31000000000000005,3,1,True,False,False,False,False,False,0
V004,Village_4,16.79866,74.06636,9026,2024-01-28,7.16,1.35,0.368,0,0.7,34.4,0.69,1,1,Low,0.767,0.9739999999999999,0.31000000000000005,4,1,True,False,False,False,True,False,0
V004,Village_4,16.79866,74.06636,9026,2024-02-04,6.54,2.83,0.351,0,2.4,32.3,0.69,1,7,High,0.932,0.8679999999999999,0.31000000000000005,5,2,True,False,False,False,False,True,2
V004,Village_4,16.79866,74.06636,9026,2024-02-11,7.37,1.69,0.371,0,7.0,27.4,0.69,7,3,Medium,0.798,0.6333333333333333,0.31000000000000005,6,2,True,False,False,False,False,False,1
V004,Village_4,16.79866,74.06636,9026,2024-02-18,6.81,1.61,0.222,0,11.9,27.4,0.69,3,9,High,0.9390000000000001,0.7313333333333333,0.31000000000000005,7,2,True,False,False,True,False,False,2
V004,Village_4,16.79866,74.06636,9026,2024-02-25,7.16,2.18,0.216,0,12.3,32.2,0.69,9,12,High,1.002,1.0593333333333337,0.31000000000000005,8,2,True,False,False,True,False,False,2
V004,Village_4,16.79866,74.06636,9026,2024-03-03,6.42,2.0,0.36,0,4.7,30.4,0.69,12,0,Low,0.8400000000000001,0.7873333333333332,0.31000000000000005,9,3,True,False,False,False,True,False,0
V004,Village_4,16.79866,74.06636,9026,2024-03-10,7.57,0.57,0.217,0,5.6,30.7,0.69,0,7,High,0.8400000000000001,0.8253333333333333,0.31000000000000005,10,3,True,False,False,False,False,True,2
V004,Village_4,16.79866,74.06636,9026,2024-03-17,6.64,4.17,0.163,0,8.8,27.3,0.69,7,9,High,1.254,0.6626666666666667,0.31000000000000005,11,3,True,False,False,False,True,False,2
V004,Village_4,16.79866,74.06636,9026,2024-03-24,7.03,1.73,0.318,1,10.5,30.9,0.69,9,5,Medium,1.855,0.9366666666666665,0.31000000000000005,12,3,True,False,False,True,False,False,1
V004,Village_4,16.79866,74.06636,9026,2024-03-31,7.05,0.67,0.411,0,9.8,29.9,0.69,5,3,Medium,0.6559999999999999,0.8559999999999999,0.31000000000000005,13,3,True,False,False,True,False,False,1
V004,Village_4,16.79866,74.06636,9026,2024-04-07,6.67,0.59,0.424,0,18.3,29.2,0.69,3,1,Low,0.635,0.9793333333333333,0.31000000000000005,14,4,True,False,False,False,False,False,0
V004,Village_4,16.79866,74.06636,9026,2024-04-14,6.09,2.28,0.324,0,13.2,25.9,0.69,1,7,High,0.9039999999999999,0.6573333333333333,0.31000000000000005,15,4,True,False,False,True,False,False,2
V004,Village_4,16.79866,74.06636,9026,2024-04-21,7.17,2.04,0.513,0,2.9,30.5,0.69,7,1,Low,0.6910000000000001,0.758,0.31000000000000005,16,4,True,False,False,False,True,False,0
V004,Village_4,16.79866,74.06636,9026,2024-04-28,7.13,4.72,0.356,0,3.8,28.2,0.69,1,9,High,1.116,0.6226666666666666,0.31000000000000005,17,4,True,False,False,True,False,False,2
V004,Village_4,16.79866,74.06636,9026,2024-05-05,7.31,1.46,0.3,0,4.9,30.5,0.69,9,5,Medium,0.846,0.7979999999999999,0.31000000000000005,18,5,True,False,False,False,True,False,1
V004,Village_4,16.79866,74.06636,9026,2024-05-12,6.12,3.61,0.238,1,23.5,30.0,0.69,5,16,High,2.123,1.1366666666666667,0.31000000000000005,19,5,True,False,False,False,False,True,2
V004,Village_4,16.79866,74.06636,9026,2024-05-19,7.05,1.93,0.149,0,18.1,22.2,0.69,16,14,High,1.044,0.5086666666666666,0.31000000000000005,20,5,True,False,False,False,False,True,2
V004,Village_4,16.79866,74.06636,9026,2024-05-26,7.29,1.87,0.176,0,9.1,30.1,0.69,14,16,High,1.0110000000000001,0.8553333333333335,0.31000000000000005,21,5,True,False,False,True,False,False,2
V004,Village_4,16.79866,74.06636,9026,2024-06-02,6.67,0.57,0.216,0,2.0,30.2,0.69,16,5,Medium,0.841,0.72,0.31000000000000005,22,6,True,False,False,False,True,False,1
V004,Village_4,16.79866,74.06636,9026,2024-06-09,7.16,0.7,0.251,0,7.0,21.2,0.69,5,7,High,0.819,0.21999999999999997,0.31000000000000005,23,6,True,False,False,False,True,False,2
V004,Village_4,16.79866,74.06636,9026,2024-06-16,6.65,8.48,0.194,1,5.2,23.6,0.69,7,25,High,2.654,0.3440000000000001,0.31000000000000005,24,6,True,False,False,False,True,False,2
V004,Village_4,16.79866,74.06636,9026,2024-06-23,5.96,3.71,0.194,0,7.7,27.1,0.69,25,12,High,1.177,0.6273333333333334,0.31000000000000005,25,6,True,False,False,False,True,False,2
V004,Village_4,16.79866,74.06636,9026,2024-06-30,7.34,8.05,0.392,0,29.1,25.5,0.69,12,7,High,1.413,0.9486666666666668,0.31000000000000005,26,6,True,False,False,False,False,True,2
V004,Village_4,16.79866,74.06636,9026,2024-07-07,7.48,4.09,0.263,0,40.6,22.6,0.69,7,9,High,1.146,0.9853333333333335,0.31000000000000005,27,7,True,False,False,False,False,True,2
V004,Village_4,16.79866,74.06636,9026,2024-07-14,6.3,1.96,0.163,0,10.4,24.9,0.69,9,3,Medium,1.033,0.5346666666666666,0.31000000000000005,28,7,True,False,False,False,True,False,1
V004,Village_4,16.79866,74.06636,9026,2024-07-21,7.24,5.13,0.054,1,51.4,23.0,0.69,3,10,High,2.459,1.228,0.31000000000000005,29,7,True,False,False,False,True,False,2
V004,Village_4,16.79866,74.06636,9026,2024-07-28,6.82,1.81,0.181,0,21.6,27.9,0.69,10,10,High,1.0,0.9586666666666667,0.31000000000000005,30,7,True,False,False,False,False,False,2
V004,Village_4,16.79866,74.06636,9026,2024-08-04,7.73,9.3,0.208,0,23.9,27.4,0.69,10,19,High,1.722,0.9713333333333332,0.31000000000000005,31,8,True,False,False,False,False,False,2
V004,Village_4,16.79866,74.06636,9026,2024-08-11,6.83,5.4,0.111,0,25.8,26.1,0.69,19,10,High,1.429,0.9226666666666667,0.31000000000000005,32,8,True,False,False,False,False,False,2
V004,Village_4,16.79866,74.06636,9026,2024-08-18,7.22,1.8,0.274,0,13.7,28.8,0.69,10,10,High,0.9059999999999999,0.8606666666666667,0.31000000000000005,33,8,True,False,False,False,False,True,2
V004,Village_4,16.79866,74.06636,9026,2024-08-25,7.02,4.84,0.189,0,22.1,27.2,0.69,10,9,High,1.295,0.9219999999999999,0.31000000000000005,34,8,True,False,False,False,False,True,2
V004,Village_4,16.79866,74.06636,9026,2024-09-01,6.97,5.85,0.157,1,4.1,25.6,0.69,9,18,High,2.428,0.45533333333333337,0.31000000000000005,35,9,True,False,False,False,True,False,2
V004,Village_4,16.79866,74.06636,9026,2024-09-08,7.57,2.03,0.006,0,28.8,25.6,0.69,18,5,Medium,1.197,0.9493333333333335,0.31000000000000005,36,9,True,False,False,False,False,False,1
V004,Village_4,16.79866,74.06636,9026,2024-09-15,6.65,3.01,0.198,0,6.1,31.5,0.69,5,14,High,1.103,0.8886666666666667,0.31000000000000005,37,9,True,False,False,True,False,False,2
V004,Village_4,16.79866,74.06636,9026,2024-09-22,6.9,0.71,0.293,1,6.0,31.8,0.69,14,10,High,1.778,0.9066666666666667,0.31000000000000005,38,9,True,False,False,True,False,False,2
V004,Village_4,16.79866,74.06636,9026,2024-09-29,7.35,0.52,0.321,0,9.6,31.4,0.69,10,7,High,0.7310000000000001,0.952,0.31000000000000005,39,9,True,False,False,True,False,False,2
V004,Village_4,16.79866,74.06636,9026,2024-10-06,7.51,1.65,0.3,0,12.4,33.0,0.69,7,5,Medium,0.865,1.1146666666666667,0.31000000000000005,40,10,True,False,False,True,False,False,1
V004,Village_4,16.79866,74.06636,9026,2024-10-13,6.8,1.11,0.3,0,4.9,29.9,0.69,5,9,High,0.8109999999999999,0.7579999999999999,0.31000000000000005,41,10,True,False,False,False,False,False,2
V004,Village_4,16.79866,74.06636,9026,2024-10-20,6.21,4.68,0.487,0,17.2,29.4,0.69,9,12,High,0.981,0.9706666666666666,0.31000000000000005,42,10,True,False,False,False,False,False,2
V004,Village_4,16.79866,74.06636,9026,2024-10-27,6.44,1.66,0.215,0,11.0,30.0,0.69,12,7,High,0.9510000000000001,0.8866666666666666,0.31000000000000005,43,10,True,False,False,False,False,True,2
V004,Village_4,16.79866,74.06636,9026,2024-11-03,6.04,0.76,0.278,0,6.7,23.0,0.69,7,0,Low,0.7979999999999999,0.334,0.31000000000000005,44,11,True,False,False,True,False,False,0
V004,Village_4,16.79866,74.06636,9026,2024-11-10,6.91,1.6,0.342,0,13.1,32.8,0.69,0,3,Medium,0.818,1.115333333333333,0.31000000000000005,45,11,True,False,False,False,True,False,1
V004,Village_4,16.79866,74.06636,9026,2024-11-17,7.09,1.01,0.296,0,5.2,33.6,0.69,3,7,High,0.8049999999999999,1.0106666666666668,0.31000000000000005,46,11,True,False,False,False,False,False,2
V004,Village_4,16.79866,74.06636,9026,2024-11-24,6.87,0.8,0.309,0,13.4,29.3,0.69,7,9,High,0.771,0.888,0.31000000000000005,47,11,True,False,False,False,False,True,2
V004,Village_4,16.79866,74.06636,9026,2024-12-01,6.91,2.54,0.394,0,3.4,33.1,0.69,9,1,Low,0.86,0.9413333333333334,0.31000000000000005,48,12,True,False,False,False,False,True,0
V004,Village_4,16.79866,74.06636,9026,2024-12-08,7.44,2.61,0.334,0,8.2,35.3,0.69,1,5,Medium,0.9269999999999999,1.1839999999999997,0.31000000000000005,49,12,True,False,False,True,False,False,1
V004,Village_4,16.79866,74.06636,9026,2024-12-15,6.97,1.13,0.166,0,3.9,27.3,0.69,5,3,Medium,0.947,0.5646666666666667,0.31000000000000005,50,12,True,False,False,True,False,False,1
V004,Village_4,16.79866,74.06636,9026,2024-12-22,6.75,0.75,0.231,0,15.0,28.5,0.69,3,1,Low,0.844,0.8666666666666667,0.31000000000000005,51,12,True,False,False,True,False,False,0
V004,Village_4,16.79866,74.06636,9026,2024-12-29,7.42,3.19,0.261,0,5.8,29.5,0.69,1,5,Medium,1.058,0.7493333333333333,0.31000000000000005,52,12,True,False,False,False,False,True,1
V005,Village_5,16.35602,74.15607,3952,2024-01-07,7.43,2.13,0.441,0,16.8,31.2,0.71,0,2,Low,0.7719999999999999,1.0826666666666667,0.29000000000000004,1,1,True,False,False,True,False,False,0
V005,Village_5,16.35602,74.15607,3952,2024-01-14,7.46,6.94,0.314,0,18.1,26.2,0.71,2,3,Medium,1.38,0.7753333333333333,0.29000000000000004,2,1,True,False,False,False,True,False,1
V005,Village_5,16.35602,74.15607,3952,2024-01-21,7.09,2.02,0.39,0,3.5,27.9,0.71,3,3,Medium,0.812,0.5966666666666667,0.29000000000000004,3,1,True,False,False,False,False,True,1
V005,Village_5,16.35602,74.15607,3952,2024-01-28,6.88,0.44,0.124,0,4.5,30.5,0.71,3,3,Medium,0.92,0.7899999999999999,0.29000000000000004,4,1,True,False,False,True,False,False,1
V005,Village_5,16.35602,74.15607,3952,2024-02-04,7.14,1.37,0.293,1,8.1,28.4,0.71,3,5,Medium,1.844,0.722,0.29000000000000004,5,2,True,False,False,False,False,True,1
V005,Village_5,16.35602,74.15607,3952,2024-02-11,6.53,3.73,0.545,0,1.4,31.8,0.71,5,0,Low,0.828,0.8146666666666668,0.29000000000000004,6,2,True,False,False,False,False,False,0
V005,Village_5,16.35602,74.15607,3952,2024-02-18,7.53,4.19,0.169,1,15.1,28.2,0.71,0,2,Low,2.25,0.8486666666666667,0.29000000000000004,7,2,True,False,False,True,False,False,0
V005,Village_5,16.35602,74.15607,3952,2024-02-25,7.47,1.75,0.388,0,10.5,28.0,0.71,2,3,Medium,0.7869999999999999,0.7433333333333333,0.29000000000000004,8,2,True,False,False,False,False,False,1
V005,Village_5,16.35602,74.15607,3952,2024-03-03,7.05,2.98,0.241,0,7.4,33.4,0.71,3,3,Medium,1.057,1.0413333333333332,0.29000000000000004,9,3,True,False,False,False,False,True,1
V005,Village_5,16.35602,74.15607,3952,2024-03-10,6.86,2.15,0.225,0,7.5,28.5,0.71,3,3,Medium,0.99,0.7166666666666667,0.29000000000000004,10,3,True,False,False,False,False,True,1
V005,Village_5,16.35602,74.15607,3952,2024-03-17,8.22,3.64,0.202,0,15.7,34.7,0.71,3,3,Medium,1.162,1.2940000000000003,0.29000000000000004,11,3,True,False,False,False,False,False,1
V005,Village_5,16.35602,74.15607,3952,2024-03-24,7.32,2.27,0.289,0,19.1,32.3,0.71,3,5,Medium,0.9380000000000001,1.202,0.29000000000000004,12,3,True,False,False,False,True,False,1
V005,Village_5,16.35602,74.15607,3952,2024-03-31,6.92,2.12,0.248,0,2.5,30.9,0.71,5,4,Medium,0.964,0.7766666666666666,0.29000000000000004,13,3,True,False,False,False,False,False,1
V005,Village_5,16.35602,74.15607,3952,2024-04-07,6.84,1.83,0.223,0,3.7,29.9,0.71,4,1,Low,0.96,0.734,0.29000000000000004,14,4,True,False,False,False,False,False,0
V005,Village_5,16.35602,74.15607,3952,2024-04-14,7.13,2.29,0.262,0,4.5,28.6,0.71,1,1,Low,0.967,0.6633333333333334,0.29000000000000004,15,4,True,False,False,True,False,False,0
V005,Village_5,16.35602,74.15607,3952,2024-04-21,6.57,1.88,0.178,1,9.8,32.5,0.71,1,3,Medium,2.01,1.0293333333333334,0.29000000000000004,16,4,True,False,False,False,True,False,1
V005,Village_5,16.35602,74.15607,3952,2024-04-28,7.27,1.54,0.413,0,2.4,35.2,0.71,3,0,Low,0.741,1.0613333333333335,0.29000000000000004,17,4,True,False,False,True,False,False,0
V005,Village_5,16.35602,74.15607,3952,2024-05-05,7.52,6.93,0.409,0,7.6,26.9,0.71,0,3,Medium,1.2839999999999998,0.6119999999999999,0.29000000000000004,18,5,True,False,False,False,True,False,1
V005,Village_5,16.35602,74.15607,3952,2024-05-12,6.16,7.78,0.284,0,8.1,26.2,0.71,3,3,Medium,1.494,0.5753333333333333,0.29000000000000004,19,5,True,False,False,False,False,True,1
V005,Village_5,16.35602,74.15607,3952,2024-05-19,6.78,6.53,0.425,0,12.2,34.1,0.71,3,3,Medium,1.228,1.1840000000000002,0.29000000000000004,20,5,True,False,False,False,False,True,1
V005,Village_5,16.35602,74.15607,3952,2024-05-26,7.21,1.49,0.354,0,2.4,32.0,0.71,3,1,Low,0.795,0.8480000000000001,0.29000000000000004,21,5,True,False,False,False,False,True,0
V005,Village_5,16.35602,74.15607,3952,2024-06-02,7.55,3.03,0.343,1,15.2,30.4,0.71,1,7,High,1.96,0.9973333333333332,0.29000000000000004,22,6,True,False,False,False,True,False,2
V005,Village_5,16.35602,74.15607,3952,2024-06-09,6.17,5.08,0.239,0,27.8,19.6,0.71,7,5,Medium,1.2690000000000001,0.5293333333333334,0.29000000000000004,23,6,True,False,False,False,False,False,1
V005,Village_5,16.35602,74.15607,3952,2024-06-16,6.74,13.77,0.16,1,75.5,28.6,0.71,5,7,High,3.217,2.0833333333333335,0.29000000000000004,24,6,True,False,False,False,False,False,2
V005,Village_5,16.35602,74.15607,3952,2024-06-23,6.72,5.39,0.28,1,42.3,26.3,0.71,7,4,Medium,2.259,1.266,0.29000000000000004,25,6,True,False,False,True,False,False,1
V005,Village_5,16.35602,74.15607,3952,2024-06-30,7.26,22.63,0.125,1,8.2,26.5,0.71,4,11,High,4.138,0.5973333333333333,0.29000000000000004,26,6,True,False,False,False,False,True,2
V005,Village_5,16.35602,74.15607,3952,2024-07-07,6.81,0.96,0.111,0,9.3,22.2,0.71,11,2,Low,0.985,0.33266666666666667,0.29000000000000004,27,7,True,False,False,False,True,False,0
V005,Village_5,16.35602,74.15607,3952,2024-07-14,7.29,4.6,0.176,0,8.6,28.5,0.71,2,3,Medium,1.284,0.7386666666666666,0.29000000000000004,28,7,True,False,False,True,False,False,1
V005,Village_5,16.35602,74.15607,3952,2024-07-21,6.89,9.55,0.126,1,39.4,22.6,0.71,3,9,High,2.829,0.9613333333333334,0.29000000000000004,29,7,True,False,False,False,False,False,2
V005,Village_5,16.35602,74.15607,3952,2024-07-28,6.9,12.43,0.154,1,38.4,20.6,0.71,9,8,High,3.089,0.8080000000000002,0.29000000000000004,30,7,True,False,False,True,False,False,2
V005,Village_5,16.35602,74.15607,3952,2024-08-04,6.59,4.54,0.159,0,21.0,28.6,0.71,8,7,High,1.295,0.9933333333333334,0.29000000000000004,31,8,True,False,False,False,False,False,2
V005,Village_5,16.35602,74.15607,3952,2024-08-11,7.3,3.74,0.08,0,23.2,30.1,0.71,7,2,Low,1.294,1.1373333333333333,0.29000000000000004,32,8,True,False,False,True,False,False,0
V005,Village_5,16.35602,74.15607,3952,2024-08-18,6.13,10.47,0.103,1,6.4,28.0,0.71,2,5,Medium,2.944,0.6613333333333333,0.29000000000000004,33,8,True,False,False,True,False,False,1
V005,Village_5,16.35602,74.15607,3952,2024-08-25,6.74,6.89,0.063,0,19.2,30.5,0.71,5,3,Medium,1.626,1.084,0.29000000000000004,34,8,True,False,False,False,False,False,1
V005,Village_5,16.35602,74.15607,3952,2024-09-01,6.61,15.09,0.2,1,34.9,23.1,0.71,3,9,High,3.309,0.9046666666666667,0.29000000000000004,35,9,True,False,False,True,False,False,2
V005,Village_5,16.35602,74.15607,3952,2024-09-08,7.93,4.76,0.203,0,21.2,24.1,0.71,9,3,Medium,1.273,0.6973333333333334,0.29000000000000004,36,9,True,False,False,True,False,False,1
V005,Village_5,16.35602,74.15607,3952,2024-09-15,6.9,2.54,0.335,0,22.7,25.5,0.71,3,2,Low,0.919,0.8206666666666667,0.29000000000000004,37,9,True,False,False,True,False,False,0
V005,Village_5,16.35602,74.15607,3952,2024-09-22,7.1,0.68,0.088,0,5.6,29.7,0.71,2,3,Medium,0.98,0.7586666666666666,0.29000000000000004,38,9,True,False,False,False,False,True,1
V005,Village_5,16.35602,74.15607,3952,2024-09-29,7.23,1.11,0.404,0,4.9,34.5,0.71,3,3,Medium,0.707,1.0646666666666667,0.29000000000000004,39,9,True,False,False,False,True,False,1
V005,Village_5,16.35602,74.15607,3952,2024-10-06,7.07,1.71,0.395,0,0.4,25.9,0.71,3,1,Low,0.776,0.40133333333333326,0.29000000000000004,40,10,True,False,False,False,False,True,0
V005,Village_5,16.35602,74.15607,3952,2024-10-13,6.86,2.58,0.349,0,2.6,26.6,0.71,1,2,Low,0.909,0.4920000000000001,0.29000000000000004,41,10,True,False,False,False,False,True,0
V005,Village_5,16.35602,74.15607,3952,2024-10-20,6.61,1.11,0.405,0,9.2,32.0,0.71,2,2,Low,0.706,0.984,0.29000000000000004,42,10,True,False,False,False,False,True,0
V005,Village_5,16.35602,74.15607,3952,2024-10-27,6.89,0.18,0.421,0,16.9,32.5,0.71,2,1,Low,0.597,1.1713333333333333,0.29000000000000004,43,10,True,False,False,False,False,False,0
V005,Village_5,16.35602,74.15607,3952,2024-11-03,7.15,0.88,0.178,0,7.4,28.5,0.71,1,1,Low,0.91,0.7146666666666667,0.29000000000000004,44,11,True,False,False,True,False,False,0
V005,Village_5,16.35602,74.15607,3952,2024-11-10,6.72,3.32,0.254,0,9.7,31.8,0.71,1,0,Low,1.0779999999999998,0.9806666666666667,0.29000000000000004,45,11,True,False,False,False,False,True,0
V005,Village_5,16.35602,74.15607,3952,2024-11-17,6.48,1.18,0.374,0,8.4,33.6,0.71,0,1,Low,0.744,1.0746666666666667,0.29000000000000004,46,11,True,False,False,False,False,False,0
V005,Village_5,16.35602,74.15607,3952,2024-11-24,6.87,3.92,0.19,0,2.1,31.5,0.71,1,0,Low,1.202,0.8086666666666668,0.29000000000000004,47,11,True,False,False,False,False,False,0
V005,Village_5,16.35602,74.15607,3952,2024-12-01,7.91,1.36,0.197,0,8.0,21.1,0.71,0,2,Low,0.939,0.23333333333333345,0.29000000000000004,48,12,True,False,False,False,True,False,0
V005,Village_5,16.35602,74.15607,3952,2024-12-08,7.22,2.76,0.393,0,7.3,28.9,0.71,2,3,Medium,0.883,0.7393333333333333,0.29000000000000004,49,12,True,False,False,False,True,False,1
V005,Village_5,16.35602,74.15607,3952,2024-12-15,6.94,2.8,0.431,0,9.9,26.7,0.71,3,4,Medium,0.849,0.6446666666666666,0.29000000000000004,50,12,True,False,False,True,False,False,1
V005,Village_5,16.35602,74.15607,3952,2024-12-22,7.3,1.03,0.195,0,5.3,32.8,0.71,4,2,Low,0.9079999999999999,0.9593333333333331,0.29000000000000004,51,12,True,False,False,False,False,False,0
V005,Village_5,16.35602,74.15607,3952,2024-12-29,7.03,0.41,0.469,0,8.8,27.9,0.71,2,0,Low,0.5720000000000001,0.7026666666666667,0.29000000000000004,52,12,True,False,False,False,True,False,0
V006,Village_6,16.35599,74.48518,10947,2024-01-07,6.5,0.16,0.401,0,5.2,34.3,0.74,0,4,Medium,0.615,1.0573333333333332,0.26,1,1,False,False,True,False,False,False,1
V006,Village_6,16.35599,74.48518,10947,2024-01-14,7.35,2.64,0.331,0,6.4,29.4,0.74,4,10,High,0.933,0.7546666666666666,0.26,2,1,False,False,True,False,True,False,2
V006,Village_6,16.35599,74.48518,10947,2024-01-21,7.02,0.7,0.276,0,11.0,32.0,0.74,10,6,Medium,0.7939999999999999,1.02,0.26,3,1,False,False,True,False,True,False,1
V006,Village_6,16.35599,74.48518,10947,2024-01-28,7.25,2.48,0.378,1,6.2,20.4,0.74,6,4,Medium,1.87,0.15066666666666656,0.26,4,1,False,False,True,True,False,False,1
V006,Village_6,16.35599,74.48518,10947,2024-02-04,7.35,10.07,0.085,1,5.1,31.8,0.74,4,15,High,2.922,0.8886666666666667,0.26,5,2,False,False,True,False,True,False,2
V006,Village_6,16.35599,74.48518,10947,2024-02-11,7.11,0.23,0.274,0,6.2,32.9,0.74,15,15,High,0.749,0.9839999999999999,0.26,6,2,False,False,True,False,False,False,2
V006,Village_6,16.35599,74.48518,10947,2024-02-18,6.3,2.78,0.254,0,13.8,26.5,0.74,15,8,High,1.024,0.7093333333333334,0.26,7,2,False,False,True,False,False,True,2
V006,Village_6,16.35599,74.48518,10947,2024-02-25,6.7,4.03,0.347,1,2.6,27.1,0.74,8,10,High,2.056,0.5253333333333334,0.26,8,2,False,False,True,False,False,True,2
V006,Village_6,16.35599,74.48518,10947,2024-03-03,7.87,3.03,0.248,0,6.4,34.8,0.74,10,26,High,1.055,1.1146666666666665,0.26,9,3,False,False,True,False,False,True,2
V006,Village_6,16.35599,74.48518,10947,2024-03-10,7.43,1.15,0.404,0,2.8,25.6,0.74,26,13,High,0.711,0.4293333333333334,0.26,10,3,False,False,True,False,False,False,2
V006,Village_6,16.35599,74.48518,10947,2024-03-17,7.78,3.89,0.229,0,4.3,29.4,0.74,13,8,High,1.1600000000000001,0.7126666666666666,0.26,11,3,False,False,True,False,False,True,2
V006,Village_6,16.35599,74.48518,10947,2024-03-24,7.04,0.96,0.25,0,4.1,27.7,0.74,8,13,High,0.846,0.5953333333333333,0.26,12,3,False,False,True,False,True,False,2
V006,Village_6,16.35599,74.48518,10947,2024-03-31,6.82,2.22,0.223,0,4.7,32.6,0.74,13,13,High,0.9990000000000001,0.934,0.26,13,3,False,False,True,True,False,False,2
V006,Village_6,16.35599,74.48518,10947,2024-04-07,6.53,0.53,0.199,0,13.5,28.0,0.74,13,4,Medium,0.854,0.8033333333333333,0.26,14,4,False,False,True,False,False,True,1
V006,Village_6,16.35599,74.48518,10947,2024-04-14,7.82,2.94,0.278,0,14.8,37.9,0.74,4,6,Medium,1.016,1.4893333333333332,0.26,15,4,False,False,True,False,False,True,1
V006,Village_6,16.35599,74.48518,10947,2024-04-21,6.91,1.57,0.307,0,8.7,25.6,0.74,6,4,Medium,0.8500000000000001,0.5473333333333334,0.26,16,4,False,False,True,False,False,True,1
V006,Village_6,16.35599,74.48518,10947,2024-04-28,7.55,4.52,0.325,0,5.4,31.0,0.74,4,4,Medium,1.127,0.8413333333333333,0.26,17,4,False,False,True,False,False,True,1
V006,Village_6,16.35599,74.48518,10947,2024-05-05,7.2,1.66,0.296,0,10.0,28.8,0.74,4,4,Medium,0.8699999999999999,0.7866666666666666,0.26,18,5,False,False,True,True,False,False,1
V006,Village_6,16.35599,74.48518,10947,2024-05-12,6.95,1.43,0.246,0,10.0,28.8,0.74,4,8,High,0.897,0.7866666666666666,0.26,19,5,False,False,True,False,False,False,2
V006,Village_6,16.35599,74.48518,10947,2024-05-19,7.21,1.54,0.361,0,33.3,28.5,0.74,8,8,High,0.793,1.2326666666666666,0.26,20,5,False,False,True,False,False,False,2
V006,Village_6,16.35599,74.48518,10947,2024-05-26,6.55,3.93,0.089,0,1.3,30.4,0.74,8,8,High,1.304,0.7193333333333333,0.26,21,5,False,False,True,False,True,False,2
V006,Village_6,16.35599,74.48518,10947,2024-06-02,6.5,0.6,0.296,0,9.8,30.2,0.74,8,6,Medium,0.764,0.8759999999999999,0.26,22,6,False,False,True,False,False,False,1
V006,Village_6,16.35599,74.48518,10947,2024-06-09,6.45,3.77,0.1,0,36.2,27.5,0.74,6,4,Medium,1.2770000000000001,1.2240000000000002,0.26,23,6,False,False,True,True,False,False,1
V006,Village_6,16.35599,74.48518,10947,2024-06-16,7.12,6.68,0.0,1,15.0,28.5,0.74,4,15,High,2.668,0.8666666666666667,0.26,24,6,False,False,True,False,False,True,2
V006,Village_6,16.35599,74.48518,10947,2024-06-23,6.58,1.7,0.0,0,43.5,30.1,0.74,15,10,High,1.17,1.5433333333333334,0.26,25,6,False,False,True,True,False,False,2
V006,Village_6,16.35599,74.48518,10947,2024-06-30,6.78,5.18,0.139,1,16.0,28.1,0.74,10,17,High,2.379,0.8600000000000001,0.26,26,6,False,False,True,False,True,False,2
V006,Village_6,16.35599,74.48518,10947,2024-07-07,7.05,2.24,0.214,0,67.6,29.0,0.74,17,6,Medium,1.01,1.952,0.26,27,7,False,False,True,True,False,False,1
V006,Village_6,16.35599,74.48518,10947,2024-07-14,6.32,4.83,0.0,0,18.6,24.3,0.74,6,13,High,1.483,0.6586666666666667,0.26,28,7,False,False,True,True,False,False,2
V006,Village_6,16.35599,74.48518,10947,2024-07-21,6.51,0.73,0.342,0,44.4,27.6,0.74,13,8,High,0.7309999999999999,1.3946666666666667,0.26,29,7,False,False,True,True,False,False,2
V006,Village_6,16.35599,74.48518,10947,2024-07-28,6.65,3.56,0.229,0,57.2,21.1,0.74,8,19,High,1.127,1.2173333333333336,0.26,30,7,False,False,True,False,False,False,2
V006,Village_6,16.35599,74.48518,10947,2024-08-04,7.0,6.96,0.355,0,8.1,25.2,0.74,19,13,High,1.341,0.5086666666666666,0.26,31,8,False,False,True,False,True,False,2
V006,Village_6,16.35599,74.48518,10947,2024-08-11,6.97,4.36,0.133,0,5.5,21.8,0.74,13,13,High,1.303,0.23000000000000004,0.26,32,8,False,False,True,True,False,False,2
V006,Village_6,16.35599,74.48518,10947,2024-08-18,6.72,2.92,0.284,0,35.6,27.8,0.74,13,6,Medium,1.008,1.2320000000000002,0.26,33,8,False,False,True,True,False,False,1
V006,Village_6,16.35599,74.48518,10947,2024-08-25,6.72,3.73,0.4,0,28.1,26.3,0.74,6,13,High,0.973,0.9820000000000001,0.26,34,8,False,False,True,False,False,True,2
V006,Village_6,16.35599,74.48518,10947,2024-09-01,7.14,6.31,0.137,1,46.3,27.1,0.74,13,32,High,2.4939999999999998,1.3993333333333333,0.26,35,9,False,False,True,False,False,True,2
V006,Village_6,16.35599,74.48518,10947,2024-09-08,6.91,1.6,0.319,0,36.1,24.6,0.74,32,21,High,0.8410000000000001,1.0286666666666666,0.26,36,9,False,False,True,False,True,False,2
V006,Village_6,16.35599,74.48518,10947,2024-09-15,7.17,3.98,0.227,0,13.8,34.4,0.74,21,8,High,1.171,1.2359999999999998,0.26,37,9,False,False,True,False,True,False,2
V006,Village_6,16.35599,74.48518,10947,2024-09-22,6.44,1.81,0.038,0,6.9,28.0,0.74,8,13,High,1.143,0.6713333333333333,0.26,38,9,False,False,True,False,False,True,2
V006,Village_6,16.35599,74.48518,10947,2024-09-29,7.0,0.22,0.315,0,1.3,29.1,0.74,13,8,High,0.7070000000000001,0.6326666666666668,0.26,39,9,False,False,True,False,True,False,2
V006,Village_6,16.35599,74.48518,10947,2024-10-06,7.36,2.17,0.383,0,6.8,24.6,0.74,8,8,High,0.834,0.44266666666666676,0.26,40,10,False,False,True,True,False,False,2
V006,Village_6,16.35599,74.48518,10947,2024-10-13,6.72,1.84,0.255,0,17.1,25.6,0.74,8,8,High,0.929,0.7153333333333334,0.26,41,10,False,False,True,False,False,True,2
V006,Village_6,16.35599,74.48518,10947,2024-10-20,6.72,4.0,0.391,0,0.8,28.2,0.74,8,8,High,1.009,0.5626666666666666,0.26,42,10,False,False,True,False,False,False,2
V006,Village_6,16.35599,74.48518,10947,2024-10-27,6.57,3.99,0.25,0,1.7,28.4,0.74,8,4,Medium,1.149,0.594,0.26,43,10,False,False,True,True,False,False,1
V006,Village_6,16.35599,74.48518,10947,2024-11-03,6.82,3.11,0.379,0,3.4,27.3,0.74,4,4,Medium,0.9319999999999999,0.5546666666666666,0.26,44,11,False,False,True,False,False,True,1
V006,Village_6,16.35599,74.48518,10947,2024-11-10,6.81,0.92,0.349,0,13.0,30.9,0.74,4,6,Medium,0.743,0.9866666666666666,0.26,45,11,False,False,True,False,False,False,1
V006,Village_6,16.35599,74.48518,10947,2024-11-17,7.02,1.52,0.3,0,3.3,21.7,0.74,6,6,Medium,0.852,0.1793333333333333,0.26,46,11,False,False,True,False,False,True,1
V006,Village_6,16.35599,74.48518,10947,2024-11-24,7.32,0.91,0.365,0,8.0,28.5,0.74,6,4,Medium,0.726,0.7266666666666667,0.26,47,11,False,False,True,False,False,True,1
V006,Village_6,16.35599,74.48518,10947,2024-12-01,7.36,1.12,0.218,0,3.9,28.3,0.74,4,6,Medium,0.894,0.6313333333333333,0.26,48,12,False,False,True,True,False,False,1
V006,Village_6,16.35599,74.48518,10947,2024-12-08,7.2,1.25,0.182,0,13.8,33.9,0.74,6,26,High,0.9430000000000001,1.2026666666666666,0.26,49,12,False,False,True,False,False,False,2
V006,Village_6,16.35599,74.48518,10947,2024-12-15,7.3,3.48,0.492,0,4.7,25.5,0.74,26,8,High,0.856,0.46066666666666667,0.26,50,12,False,False,True,False,True,False,2
V006,Village_6,16.35599,74.48518,10947,2024-12-22,6.44,0.73,0.415,0,15.8,26.7,0.74,8,6,Medium,0.6579999999999999,0.7626666666666666,0.26,51,12,False,False,True,False,False,False,1
V006,Village_6,16.35599,74.48518,10947,2024-12-29,6.87,1.23,0.222,0,10.2,25.7,0.74,6,10,High,0.901,0.584,0.26,52,12,False,False,True,False,False,True,2
V007,Village_7,16.25808,73.89967,2385,2024-01-07,7.15,0.74,0.152,0,4.5,28.7,0.25,0,1,Low,0.9219999999999999,0.6699999999999999,0.75,1,1,True,False,False,False,True,False,0
V007,Village_7,16.25808,73.89967,2385,2024-01-14,6.95,1.56,0.495,0,6.0,31.2,0.25,1,2,Low,0.661,0.8666666666666666,0.75,2,1,True,False,False,False,False,False,0
V007,Village_7,16.25808,73.89967,2385,2024-01-21,7.06,1.45,0.4,0,4.2,33.2,0.25,2,1,Low,0.745,0.9640000000000002,0.75,3,1,True,False,False,False,True,False,0
V007,Village_7,16.25808,73.89967,2385,2024-01-28,6.73,1.19,0.526,0,10.1,29.5,0.25,1,1,Low,0.593,0.8353333333333333,0.75,4,1,True,False,False,True,False,False,0
V007,Village_7,16.25808,73.89967,2385,2024-02-04,7.02,1.87,0.355,0,6.1,35.0,0.25,1,2,Low,0.8320000000000001,1.1219999999999999,0.75,5,2,True,False,False,False,True,False,0
V007,Village_7,16.25808,73.89967,2385,2024-02-11,6.75,0.67,0.342,0,12.9,25.9,0.25,2,3,Medium,0.7249999999999999,0.6513333333333333,0.75,6,2,True,False,False,False,False,True,1
V007,Village_7,16.25808,73.89967,2385,2024-02-18,7.34,1.21,0.061,0,13.3,28.4,0.25,3,3,Medium,1.06,0.826,0.75,7,2,True,False,False,False,True,False,1
V007,Village_7,16.25808,73.89967,2385,2024-02-25,7.33,0.29,0.351,0,4.9,30.5,0.25,3,3,Medium,0.678,0.7979999999999999,0.75,8,2,True,False,False,False,False,False,1
V007,Village_7,16.25808,73.89967,2385,2024-03-03,6.84,8.85,0.425,0,4.0,31.1,0.25,3,2,Low,1.46,0.8200000000000001,0.75,9,3,True,False,False,False,True,False,0
V007,Village_7,16.25808,73.89967,2385,2024-03-10,6.73,1.98,0.141,0,2.4,28.7,0.25,2,1,Low,1.057,0.628,0.75,10,3,True,False,False,False,True,False,0
V007,Village_7,16.25808,73.89967,2385,2024-03-17,6.17,2.77,0.13,0,22.3,27.7,0.25,1,2,Low,1.147,0.9593333333333334,0.75,11,3,True,False,False,False,False,True,0
V007,Village_7,16.25808,73.89967,2385,2024-03-24,6.79,1.37,0.198,0,6.8,29.5,0.25,2,1,Low,0.9390000000000001,0.7693333333333333,0.75,12,3,True,False,False,True,False,False,0
V007,Village_7,16.25808,73.89967,2385,2024-03-31,6.61,5.57,0.303,1,4.4,31.9,0.25,1,3,Medium,2.254,0.8813333333333332,0.75,13,3,True,False,False,False,True,False,1
V007,Village_7,16.25808,73.89967,2385,2024-04-07,6.38,3.76,0.421,0,7.7,28.8,0.25,3,3,Medium,0.955,0.7406666666666667,0.75,14,4,True,False,False,False,False,False,1
V007,Village_7,16.25808,73.89967,2385,2024-04-14,7.35,0.99,0.396,0,3.6,36.4,0.25,3,0,Low,0.703,1.1653333333333333,0.75,15,4,True,False,False,False,False,True,0
V007,Village_7,16.25808,73.89967,2385,2024-04-21,7.16,2.06,0.324,0,6.5,27.1,0.25,0,2,Low,0.8819999999999999,0.6033333333333335,0.75,16,4,True,False,False,False,False,False,0
V007,Village_7,16.25808,73.89967,2385,2024-04-28,7.1,3.89,0.276,0,7.9,27.0,0.25,2,3,Medium,1.113,0.6246666666666667,0.75,17,4,True,False,False,False,False,True,1
V007,Village_7,16.25808,73.89967,2385,2024-05-05,7.05,0.83,0.299,0,11.8,32.0,0.25,3,1,Low,0.784,1.036,0.75,18,5,True,False,False,False,False,False,0
V007,Village_7,16.25808,73.89967,2385,2024-05-12,7.03,4.8,0.278,0,4.8,34.4,0.25,1,2,Low,1.202,1.0559999999999998,0.75,19,5,True,False,False,False,False,True,0
V007,Village_7,16.25808,73.89967,2385,2024-05-19,7.08,0.75,0.367,0,3.1,35.8,0.25,2,1,Low,0.708,1.1153333333333333,0.75,20,5,True,False,False,True,False,False,0
V007,Village_7,16.25808,73.89967,2385,2024-05-26,7.48,4.91,0.389,0,2.8,26.7,0.25,1,3,Medium,1.1019999999999999,0.5026666666666666,0.75,21,5,True,False,False,False,False,False,1
V007,Village_7,16.25808,73.89967,2385,2024-06-02,6.43,1.69,0.212,0,4.4,31.3,0.25,3,1,Low,0.9570000000000001,0.8413333333333334,0.75,22,6,True,False,False,False,False,False,0
V007,Village_7,16.25808,73.89967,2385,2024-06-09,6.9,14.88,0.082,1,31.4,22.7,0.25,1,7,High,3.406,0.8079999999999999,0.75,23,6,True,False,False,True,False,False,2
V007,Village_7,16.25808,73.89967,2385,2024-06-16,6.79,0.6,0.0,0,25.0,26.5,0.25,7,4,Medium,1.06,0.9333333333333333,0.75,24,6,True,False,False,False,False,False,1
V007,Village_7,16.25808,73.89967,2385,2024-06-23,6.74,4.09,0.182,0,26.7,23.8,0.25,4,4,Medium,1.227,0.7873333333333334,0.75,25,6,True,False,False,False,False,False,1
V007,Village_7,16.25808,73.89967,2385,2024-06-30,6.92,2.83,0.148,0,26.7,25.4,0.25,4,2,Low,1.135,0.8939999999999999,0.75,26,6,True,False,False,True,False,False,0
V007,Village_7,16.25808,73.89967,2385,2024-07-07,6.48,3.37,0.186,1,10.5,28.9,0.25,2,6,Medium,2.151,0.8033333333333332,0.75,27,7,True,False,False,False,True,False,1
V007,Village_7,16.25808,73.89967,2385,2024-07-14,6.32,2.93,0.13,0,84.3,26.2,0.25,6,2,Low,1.163,2.099333333333333,0.75,28,7,True,False,False,False,False,False,0
V007,Village_7,16.25808,73.89967,2385,2024-07-21,6.94,2.36,0.037,0,21.2,22.5,0.25,2,4,Medium,1.1989999999999998,0.5906666666666667,0.75,29,7,True,False,False,True,False,False,1
V007,Village_7,16.25808,73.89967,2385,2024-07-28,6.88,8.95,0.195,1,34.3,29.3,0.25,4,7,High,2.6999999999999997,1.306,0.75,30,7,True,False,False,False,True,False,2
V007,Village_7,16.25808,73.89967,2385,2024-08-04,6.76,6.51,0.287,0,64.4,25.0,0.25,7,3,Medium,1.364,1.6213333333333333,0.75,31,8,True,False,False,False,False,False,1
V007,Village_7,16.25808,73.89967,2385,2024-08-11,6.96,6.51,0.228,0,41.1,28.6,0.25,3,3,Medium,1.423,1.3953333333333335,0.75,32,8,True,False,False,False,True,False,1
V007,Village_7,16.25808,73.89967,2385,2024-08-18,6.55,0.67,0.09,0,42.8,25.1,0.25,3,2,Low,0.9770000000000001,1.1960000000000002,0.75,33,8,True,False,False,False,False,True,0
V007,Village_7,16.25808,73.89967,2385,2024-08-25,7.14,14.07,0.371,0,47.7,26.3,0.25,2,4,Medium,2.036,1.374,0.75,34,8,True,False,False,True,False,False,1
V007,Village_7,16.25808,73.89967,2385,2024-09-01,6.85,11.28,0.0,1,22.4,29.6,0.25,4,6,Medium,3.128,1.088,0.75,35,9,True,False,False,False,False,True,1
V007,Village_7,16.25808,73.89967,2385,2024-09-08,7.41,5.11,0.128,1,14.0,22.6,0.25,6,4,Medium,2.383,0.4533333333333335,0.75,36,9,True,False,False,False,False,False,1
V007,Village_7,16.25808,73.89967,2385,2024-09-15,6.69,0.34,0.208,0,7.5,29.0,0.25,4,2,Low,0.8260000000000001,0.75,0.75,37,9,True,False,False,True,False,False,0
V007,Village_7,16.25808,73.89967,2385,2024-09-22,6.28,6.28,0.481,1,13.6,22.8,0.25,2,3,Medium,2.1470000000000002,0.4586666666666667,0.75,38,9,True,False,False,False,True,False,1
V007,Village_7,16.25808,73.89967,2385,2024-09-29,6.56,0.21,0.305,0,0.8,29.8,0.25,3,1,Low,0.7160000000000001,0.6693333333333334,0.75,39,9,True,False,False,True,False,False,0
V007,Village_7,16.25808,73.89967,2385,2024-10-06,7.0,7.06,0.459,0,6.1,27.1,0.25,1,1,Low,1.2469999999999999,0.5953333333333335,0.75,40,10,True,False,False,False,False,True,0
V007,Village_7,16.25808,73.89967,2385,2024-10-13,6.05,2.69,0.223,0,1.1,28.4,0.25,1,2,Low,1.046,0.582,0.75,41,10,True,False,False,True,False,False,0
V007,Village_7,16.25808,73.89967,2385,2024-10-20,6.61,0.48,0.27,0,23.7,29.1,0.25,2,2,Low,0.778,1.0806666666666667,0.75,42,10,True,False,False,False,False,False,0
V007,Village_7,16.25808,73.89967,2385,2024-10-27,7.19,3.43,0.351,0,3.0,27.1,0.25,2,2,Low,0.992,0.5333333333333334,0.75,43,10,True,False,False,True,False,False,0
V007,Village_7,16.25808,73.89967,2385,2024-11-03,7.46,1.14,0.288,0,13.9,30.4,0.25,2,1,Low,0.826,0.9713333333333333,0.75,44,11,True,False,False,True,False,False,0
V007,Village_7,16.25808,73.89967,2385,2024-11-10,6.6,4.96,0.191,0,6.3,30.7,0.25,1,1,Low,1.305,0.8393333333333333,0.75,45,11,True,False,False,False,False,True,0
V007,Village_7,16.25808,73.89967,2385,2024-11-17,7.69,2.63,0.301,0,12.6,30.0,0.25,1,2,Low,0.9620000000000001,0.9186666666666666,0.75,46,11,True,False,False,False,False,True,0
V007,Village_7,16.25808,73.89967,2385,2024-11-24,6.49,0.92,0.31,0,5.6,33.5,0.25,2,1,Low,0.7819999999999999,1.012,0.75,47,11,True,False,False,False,False,True,0
V007,Village_7,16.25808,73.89967,2385,2024-12-01,7.14,1.68,0.122,0,8.6,29.5,0.25,1,1,Low,1.046,0.8053333333333332,0.75,48,12,True,False,False,False,False,False,0
V007,Village_7,16.25808,73.89967,2385,2024-12-08,7.34,0.93,0.266,0,12.0,33.5,0.25,1,2,Low,0.827,1.1400000000000001,0.75,49,12,True,False,False,False,False,True,0
V007,Village_7,16.25808,73.89967,2385,2024-12-15,7.82,1.26,0.297,0,9.1,30.6,0.25,2,1,Low,0.8290000000000001,0.8886666666666667,0.75,50,12,True,False,False,False,True,False,0
V007,Village_7,16.25808,73.89967,2385,2024-12-22,7.17,1.28,0.235,0,2.2,30.9,0.25,1,2,Low,0.893,0.7706666666666666,0.75,51,12,True,False,False,False,True,False,0
V007,Village_7,16.25808,73.89967,2385,2024-12-29,7.5,4.7,0.284,0,4.1,29.9,0.25,2,3,Medium,1.186,0.7419999999999999,0.75,52,12,True,False,False,False,False,False,1
V008,Village_8,17.06618,74.21423,4743,2024-01-07,7.54,1.22,0.206,0,7.5,31.1,0.45,0,3,Medium,0.916,0.8900000000000001,0.55,1,1,False,False,True,False,False,True,1
V008,Village_8,17.06618,74.21423,4743,2024-01-14,5.89,1.17,0.342,0,5.0,26.2,0.45,3,6,Medium,0.7749999999999999,0.5133333333333333,0.55,2,1,False,False,True,True,False,False,1
V008,Village_8,17.06618,74.21423,4743,2024-01-21,6.31,1.68,0.377,0,5.8,30.4,0.45,6,3,Medium,0.7909999999999999,0.8093333333333332,0.55,3,1,False,False,True,False,False,False,1
V008,Village_8,17.06618,74.21423,4743,2024-01-28,6.56,1.89,0.166,0,0.8,33.2,0.45,3,3,Medium,1.023,0.8960000000000002,0.55,4,1,False,False,True,True,False,False,1
V008,Village_8,17.06618,74.21423,4743,2024-02-04,7.34,1.64,0.343,0,2.5,35.2,0.45,3,3,Medium,0.821,1.0633333333333335,0.55,5,2,False,False,True,False,False,False,1
V008,Village_8,17.06618,74.21423,4743,2024-02-11,7.25,6.05,0.235,0,2.1,30.5,0.45,3,6,Medium,1.37,0.742,0.55,6,2,False,False,True,False,False,False,1
V008,Village_8,17.06618,74.21423,4743,2024-02-18,7.41,4.57,0.299,0,7.8,27.0,0.45,6,4,Medium,1.1580000000000001,0.6226666666666667,0.55,7,2,False,False,True,False,False,False,1
V008,Village_8,17.06618,74.21423,4743,2024-02-25,7.33,3.77,0.202,0,12.6,28.8,0.45,4,1,Low,1.175,0.8386666666666667,0.55,8,2,False,False,True,False,False,True,0
V008,Village_8,17.06618,74.21423,4743,2024-03-03,7.58,0.93,0.415,0,5.0,31.5,0.45,1,3,Medium,0.6779999999999999,0.8666666666666667,0.55,9,3,False,False,True,True,False,False,1
V008,Village_8,17.06618,74.21423,4743,2024-03-10,6.83,2.76,0.184,0,4.4,28.1,0.45,3,6,Medium,1.092,0.6280000000000001,0.55,10,3,False,False,True,False,False,True,1
V008,Village_8,17.06618,74.21423,4743,2024-03-17,7.33,1.99,0.318,0,9.8,26.3,0.45,6,0,Low,0.881,0.6160000000000001,0.55,11,3,False,False,True,False,False,True,0
V008,Village_8,17.06618,74.21423,4743,2024-03-24,6.68,5.24,0.23,0,7.4,32.4,0.45,0,4,Medium,1.294,0.9746666666666666,0.55,12,3,False,False,True,False,False,True,1
V008,Village_8,17.06618,74.21423,4743,2024-03-31,7.29,1.11,0.369,0,8.0,27.6,0.45,4,1,Low,0.742,0.6666666666666667,0.55,13,3,False,False,True,False,False,True,0
V008,Village_8,17.06618,74.21423,4743,2024-04-07,6.74,0.5,0.123,0,5.9,34.0,0.45,1,5,Medium,0.927,1.0513333333333335,0.55,14,4,False,False,True,True,False,False,1
V008,Village_8,17.06618,74.21423,4743,2024-04-14,6.62,4.31,0.22,0,3.4,32.7,0.45,5,3,Medium,1.2109999999999999,0.914666666666667,0.55,15,4,False,False,True,False,False,True,1
V008,Village_8,17.06618,74.21423,4743,2024-04-21,7.12,4.7,0.379,0,5.4,33.2,0.45,3,8,High,1.091,0.9880000000000002,0.55,16,4,False,False,True,False,False,True,2
V008,Village_8,17.06618,74.21423,4743,2024-04-28,7.14,2.97,0.341,0,3.1,31.5,0.45,8,3,Medium,0.9560000000000001,0.8286666666666667,0.55,17,4,False,False,True,True,False,False,1
V008,Village_8,17.06618,74.21423,4743,2024-05-05,6.33,0.35,0.302,0,7.9,29.9,0.45,3,1,Low,0.733,0.818,0.55,18,5,False,False,True,False,False,False,0
V008,Village_8,17.06618,74.21423,4743,2024-05-12,6.62,2.03,0.341,0,13.7,34.8,0.45,1,1,Low,0.862,1.2606666666666664,0.55,19,5,False,False,True,False,False,False,0
V008,Village_8,17.06618,74.21423,4743,2024-05-19,7.27,2.48,0.21,0,15.5,32.1,0.45,1,2,Low,1.038,1.1166666666666667,0.55,20,5,False,False,True,False,True,False,0
V008,Village_8,17.06618,74.21423,4743,2024-05-26,6.74,1.43,0.339,0,3.2,29.3,0.45,2,3,Medium,0.804,0.6839999999999999,0.55,21,5,False,False,True,False,False,False,1
V008,Village_8,17.06618,74.21423,4743,2024-06-02,6.84,0.58,0.117,0,14.2,27.7,0.45,3,6,Medium,0.9410000000000001,0.7973333333333332,0.55,22,6,False,False,True,False,False,False,1
V008,Village_8,17.06618,74.21423,4743,2024-06-09,6.99,11.25,0.271,0,3.9,25.9,0.45,6,11,High,1.854,0.47133333333333327,0.55,23,6,False,False,True,False,False,True,2
V008,Village_8,17.06618,74.21423,4743,2024-06-16,7.41,3.69,0.217,0,6.3,25.2,0.45,11,4,Medium,1.1520000000000001,0.4726666666666666,0.55,24,6,False,False,True,False,True,False,1
V008,Village_8,17.06618,74.21423,4743,2024-06-23,7.12,3.55,0.011,0,8.1,30.3,0.45,4,5,Medium,1.3439999999999999,0.8486666666666668,0.55,25,6,False,False,True,True,False,False,1
V008,Village_8,17.06618,74.21423,4743,2024-06-30,7.63,3.4,0.117,0,10.4,23.2,0.45,5,6,Medium,1.2229999999999999,0.42133333333333334,0.55,26,6,False,False,True,False,True,False,1
V008,Village_8,17.06618,74.21423,4743,2024-07-07,6.81,7.8,0.069,1,37.4,27.8,0.45,6,11,High,2.7110000000000003,1.268,0.55,27,7,False,False,True,False,False,False,2
V008,Village_8,17.06618,74.21423,4743,2024-07-14,7.21,4.71,0.113,0,31.8,24.6,0.45,11,1,Low,1.358,0.9426666666666668,0.55,28,7,False,False,True,True,False,False,0
V008,Village_8,17.06618,74.21423,4743,2024-07-21,6.67,6.79,0.102,1,10.4,24.0,0.45,1,6,Medium,2.577,0.4746666666666667,0.55,29,7,False,False,True,False,False,False,1
V008,Village_8,17.06618,74.21423,4743,2024-07-28,7.02,5.75,0.248,0,12.1,21.8,0.45,6,4,Medium,1.327,0.36200000000000004,0.55,30,7,False,False,True,False,False,True,1
V008,Village_8,17.06618,74.21423,4743,2024-08-04,7.16,12.43,0.167,1,78.4,29.0,0.45,4,17,High,3.0759999999999996,2.168,0.55,31,8,False,False,True,False,False,False,2
V008,Village_8,17.06618,74.21423,4743,2024-08-11,6.21,5.21,0.247,0,27.4,27.5,0.45,17,6,Medium,1.274,1.048,0.55,32,8,False,False,True,False,True,False,1
V008,Village_8,17.06618,74.21423,4743,2024-08-18,6.54,3.47,0.1,0,21.8,27.1,0.45,6,3,Medium,1.247,0.9093333333333334,0.55,33,8,False,False,True,False,False,True,1
V008,Village_8,17.06618,74.21423,4743,2024-08-25,6.59,6.37,0.142,1,21.7,26.0,0.45,3,8,High,2.495,0.8340000000000001,0.55,34,8,False,False,True,True,False,False,2
V008,Village_8,17.06618,74.21423,4743,2024-09-01,6.12,2.03,0.26,0,3.6,24.5,0.45,8,7,High,0.943,0.372,0.55,35,9,False,False,True,False,False,False,2
V008,Village_8,17.06618,74.21423,4743,2024-09-08,7.49,5.69,0.194,1,18.3,28.6,0.45,7,10,High,2.375,0.9393333333333335,0.55,36,9,False,False,True,False,True,False,2
V008,Village_8,17.06618,74.21423,4743,2024-09-15,7.12,1.77,0.288,0,5.8,26.6,0.45,10,3,Medium,0.889,0.556,0.55,37,9,False,False,True,False,False,False,1
V008,Village_8,17.06618,74.21423,4743,2024-09-22,7.43,1.53,0.3,0,2.5,31.2,0.45,3,4,Medium,0.853,0.7966666666666666,0.55,38,9,False,False,True,False,False,True,1
V008,Village_8,17.06618,74.21423,4743,2024-09-29,7.27,1.52,0.09,0,8.4,30.3,0.45,4,5,Medium,1.062,0.8546666666666668,0.55,39,9,False,False,True,False,False,True,1
V008,Village_8,17.06618,74.21423,4743,2024-10-06,7.12,1.67,0.2,0,4.3,25.2,0.45,5,3,Medium,0.9670000000000001,0.43266666666666664,0.55,40,10,False,False,True,False,True,False,1
V008,Village_8,17.06618,74.21423,4743,2024-10-13,7.01,3.37,0.244,0,11.0,34.8,0.45,3,5,Medium,1.093,1.2066666666666666,0.55,41,10,False,False,True,False,False,True,1
V008,Village_8,17.06618,74.21423,4743,2024-10-20,6.71,3.49,0.236,0,7.2,32.7,0.45,5,3,Medium,1.113,0.9906666666666669,0.55,42,10,False,False,True,False,False,False,1
V008,Village_8,17.06618,74.21423,4743,2024-10-27,6.73,3.75,0.519,0,6.7,30.7,0.45,3,5,Medium,0.856,0.8473333333333333,0.55,43,10,False,False,True,False,False,False,1
V008,Village_8,17.06618,74.21423,4743,2024-11-03,7.56,3.54,0.289,0,22.8,24.5,0.45,5,2,Low,1.065,0.756,0.55,44,11,False,False,True,False,True,False,0
V008,Village_8,17.06618,74.21423,4743,2024-11-10,6.46,1.46,0.266,0,7.9,32.8,0.45,2,3,Medium,0.88,1.0113333333333332,0.55,45,11,False,False,True,False,False,False,1
V008,Village_8,17.06618,74.21423,4743,2024-11-17,6.46,1.08,0.447,0,12.7,24.7,0.45,3,4,Medium,0.6609999999999999,0.5673333333333332,0.55,46,11,False,False,True,False,False,True,1
V008,Village_8,17.06618,74.21423,4743,2024-11-24,7.93,2.36,0.396,0,6.5,24.8,0.45,4,2,Low,0.84,0.45000000000000007,0.55,47,11,False,False,True,False,True,False,0
V008,Village_8,17.06618,74.21423,4743,2024-12-01,7.76,0.88,0.376,0,30.2,29.9,0.45,2,5,Medium,0.712,1.2639999999999998,0.55,48,12,False,False,True,True,False,False,1
V008,Village_8,17.06618,74.21423,4743,2024-12-08,7.03,3.53,0.193,0,6.0,30.1,0.45,5,3,Medium,1.16,0.7933333333333334,0.55,49,12,False,False,True,False,False,True,1
V008,Village_8,17.06618,74.21423,4743,2024-12-15,6.76,1.6,0.286,0,15.5,29.9,0.45,3,0,Low,0.874,0.97,0.55,50,12,False,False,True,False,True,False,0
V008,Village_8,17.06618,74.21423,4743,2024-12-22,6.99,3.1,0.273,0,1.8,28.0,0.45,0,2,Low,1.037,0.5693333333333334,0.55,51,12,False,False,True,True,False,False,0
V008,Village_8,17.06618,74.21423,4743,2024-12-29,7.23,5.93,0.326,0,16.3,32.1,0.45,2,4,Medium,1.267,1.1326666666666667,0.55,52,12,False,False,True,False,False,False,1
V009,Village_9,16.80112,74.29241,8355,2024-01-07,7.4,1.69,0.29,0,6.5,29.6,0.28,0,11,High,0.879,0.7700000000000001,0.72,1,1,False,False,False,False,False,True,2
V009,Village_9,16.80112,74.29241,8355,2024-01-14,7.25,0.27,0.285,0,12.2,32.5,0.28,11,5,Medium,0.7420000000000001,1.0773333333333333,0.72,2,1,False,False,False,False,False,False,1
V009,Village_9,16.80112,74.29241,8355,2024-01-21,7.01,4.21,0.288,0,5.0,23.8,0.28,5,10,High,1.133,0.3533333333333334,0.72,3,1,False,False,False,False,True,False,2
V009,Village_9,16.80112,74.29241,8355,2024-01-28,6.61,0.03,0.308,0,10.6,30.8,0.28,10,8,High,0.695,0.932,0.72,4,1,False,False,False,False,False,False,2
V009,Village_9,16.80112,74.29241,8355,2024-02-04,7.33,1.77,0.538,0,13.3,30.8,0.28,8,10,High,0.639,0.9860000000000001,0.72,5,2,False,False,False,True,False,False,2
V009,Village_9,16.80112,74.29241,8355,2024-02-11,6.38,2.6,0.502,0,7.7,27.7,0.28,10,8,High,0.758,0.6673333333333333,0.72,6,2,False,False,False,False,True,False,2
V009,Village_9,16.80112,74.29241,8355,2024-02-18,6.9,6.4,0.194,1,21.2,31.6,0.28,8,16,High,2.446,1.1973333333333334,0.72,7,2,False,False,False,False,False,True,2
V009,Village_9,16.80112,74.29241,8355,2024-02-25,6.41,0.55,0.269,0,1.1,29.9,0.28,16,5,Medium,0.786,0.6819999999999999,0.72,8,2,False,False,False,True,False,False,1
V009,Village_9,16.80112,74.29241,8355,2024-03-03,7.17,1.05,0.327,0,0.9,24.1,0.28,5,8,High,0.778,0.29133333333333344,0.72,9,3,False,False,False,False,False,True,2
V009,Village_9,16.80112,74.29241,8355,2024-03-10,7.23,4.16,0.307,0,8.1,33.7,0.28,8,3,Medium,1.109,1.0753333333333335,0.72,10,3,False,False,False,True,False,False,1
V009,Village_9,16.80112,74.29241,8355,2024-03-17,7.26,0.2,0.236,0,5.0,31.8,0.28,3,8,High,0.784,0.8866666666666667,0.72,11,3,False,False,False,False,False,True,2
V009,Village_9,16.80112,74.29241,8355,2024-03-24,6.99,0.91,0.218,0,14.0,29.1,0.28,8,8,High,0.873,0.8866666666666668,0.72,12,3,False,False,False,False,False,True,2
V009,Village_9,16.80112,74.29241,8355,2024-03-31,6.74,4.58,0.274,0,0.6,29.2,0.28,8,3,Medium,1.184,0.6253333333333333,0.72,13,3,False,False,False,False,False,False,1
V009,Village_9,16.80112,74.29241,8355,2024-04-07,6.94,4.63,0.398,0,6.5,29.5,0.28,3,10,High,1.065,0.7633333333333333,0.72,14,4,False,False,False,False,False,True,2
V009,Village_9,16.80112,74.29241,8355,2024-04-14,6.9,1.1,0.246,1,13.0,25.2,0.28,10,8,High,1.8639999999999999,0.6066666666666667,0.72,15,4,False,False,False,False,False,False,2
V009,Village_9,16.80112,74.29241,8355,2024-04-21,6.42,7.8,0.464,0,3.8,30.5,0.28,8,13,High,1.316,0.7759999999999999,0.72,16,4,False,False,False,False,False,False,2
V009,Village_9,16.80112,74.29241,8355,2024-04-28,7.16,3.11,0.338,0,10.9,31.9,0.28,13,6,Medium,0.9729999999999999,1.0113333333333332,0.72,17,4,False,False,False,False,False,False,1
V009,Village_9,16.80112,74.29241,8355,2024-05-05,7.07,4.39,0.446,0,8.7,35.6,0.28,6,6,Medium,0.993,1.214,0.72,18,5,False,False,False,False,False,False,1
V009,Village_9,16.80112,74.29241,8355,2024-05-12,7.24,1.77,0.485,0,2.5,29.8,0.28,6,6,Medium,0.692,0.7033333333333335,0.72,19,5,False,False,False,False,False,True,1
V009,Village_9,16.80112,74.29241,8355,2024-05-19,6.71,3.04,0.331,0,4.2,29.5,0.28,6,5,Medium,0.9730000000000001,0.7173333333333333,0.72,20,5,False,False,False,False,True,False,1
V009,Village_9,16.80112,74.29241,8355,2024-05-26,7.1,4.21,0.152,0,1.9,23.5,0.28,5,10,High,1.269,0.2713333333333333,0.72,21,5,False,False,False,False,False,True,2
V009,Village_9,16.80112,74.29241,8355,2024-06-02,6.52,0.4,0.175,0,11.2,28.5,0.28,10,6,Medium,0.865,0.7906666666666666,0.72,22,6,False,False,False,False,True,False,1
V009,Village_9,16.80112,74.29241,8355,2024-06-09,5.77,3.1,0.032,0,14.6,22.9,0.28,6,10,High,1.278,0.48533333333333323,0.72,23,6,False,False,False,False,False,True,2
V009,Village_9,16.80112,74.29241,8355,2024-06-16,7.3,6.81,0.227,0,43.3,28.5,0.28,10,13,High,1.454,1.4326666666666665,0.72,24,6,False,False,False,False,True,False,2
V009,Village_9,16.80112,74.29241,8355,2024-06-23,7.13,8.13,0.136,1,42.7,25.3,0.28,13,21,High,2.677,1.2073333333333336,0.72,25,6,False,False,False,False,False,False,2
V009,Village_9,16.80112,74.29241,8355,2024-06-30,7.02,6.82,0.026,1,6.5,28.1,0.28,21,16,High,2.656,0.6700000000000002,0.72,26,6,False,False,False,False,False,False,2
V009,Village_9,16.80112,74.29241,8355,2024-07-07,7.03,6.23,0.175,1,24.8,30.8,0.28,16,13,High,2.448,1.2160000000000002,0.72,27,7,False,False,False,False,False,True,2
V009,Village_9,16.80112,74.29241,8355,2024-07-14,6.72,4.69,0.0,0,15.3,29.0,0.28,13,15,High,1.469,0.9059999999999999,0.72,28,7,False,False,False,False,False,False,2
V009,Village_9,16.80112,74.29241,8355,2024-07-21,7.28,11.29,0.0,1,34.3,22.2,0.28,15,23,High,3.129,0.8326666666666666,0.72,29,7,False,False,False,False,False,False,2
V009,Village_9,16.80112,74.29241,8355,2024-07-28,7.47,1.75,0.099,0,36.8,21.9,0.28,23,15,High,1.076,0.8626666666666666,0.72,30,7,False,False,False,False,False,False,2
V009,Village_9,16.80112,74.29241,8355,2024-08-04,6.73,1.57,0.0,0,34.6,24.7,0.28,15,5,Medium,1.157,1.0053333333333334,0.72,31,8,False,False,False,True,False,False,1
V009,Village_9,16.80112,74.29241,8355,2024-08-11,7.31,2.38,0.193,0,12.7,28.3,0.28,5,5,Medium,1.045,0.8073333333333333,0.72,32,8,False,False,False,True,False,False,1
V009,Village_9,16.80112,74.29241,8355,2024-08-18,6.85,1.41,0.364,0,7.9,28.9,0.28,5,5,Medium,0.777,0.7513333333333333,0.72,33,8,False,False,False,False,True,False,1
V009,Village_9,16.80112,74.29241,8355,2024-08-25,7.13,3.26,0.111,0,4.6,26.7,0.28,5,10,High,1.2149999999999999,0.5386666666666666,0.72,34,8,False,False,False,False,False,False,2
V009,Village_9,16.80112,74.29241,8355,2024-09-01,7.0,3.46,0.184,0,25.6,28.1,0.28,10,3,Medium,1.162,1.052,0.72,35,9,False,False,False,True,False,False,1
V009,Village_9,16.80112,74.29241,8355,2024-09-08,7.01,3.05,0.133,0,16.0,27.9,0.28,3,5,Medium,1.172,0.8466666666666667,0.72,36,9,False,False,False,False,True,False,1
V009,Village_9,16.80112,74.29241,8355,2024-09-15,7.45,2.37,0.35,0,14.9,34.6,0.28,5,11,High,0.887,1.2713333333333334,0.72,37,9,False,False,False,False,False,True,2
V009,Village_9,16.80112,74.29241,8355,2024-09-22,6.65,0.92,0.369,0,1.1,31.1,0.28,11,8,High,0.723,0.7620000000000001,0.72,38,9,False,False,False,False,True,False,2
V009,Village_9,16.80112,74.29241,8355,2024-09-29,6.87,3.91,0.283,0,9.5,29.3,0.28,8,8,High,1.108,0.81,0.72,39,9,False,False,False,True,False,False,2
V009,Village_9,16.80112,74.29241,8355,2024-10-06,7.34,1.23,0.309,0,10.8,33.5,0.28,8,11,High,0.8140000000000001,1.116,0.72,40,10,False,False,False,False,False,False,2
V009,Village_9,16.80112,74.29241,8355,2024-10-13,6.51,0.33,0.477,0,8.2,32.3,0.28,11,6,Medium,0.556,0.9839999999999998,0.72,41,10,False,False,False,False,False,False,1
V009,Village_9,16.80112,74.29241,8355,2024-10-20,6.84,1.22,0.506,0,14.1,28.4,0.28,6,11,High,0.616,0.8419999999999999,0.72,42,10,False,False,False,False,False,False,2
V009,Village_9,16.80112,74.29241,8355,2024-10-27,7.2,4.89,0.285,0,3.3,30.5,0.28,11,10,High,1.2040000000000002,0.766,0.72,43,10,False,False,False,False,False,True,2
V009,Village_9,16.80112,74.29241,8355,2024-11-03,7.61,2.04,0.273,0,8.9,31.5,0.28,10,8,High,0.931,0.9446666666666668,0.72,44,11,False,False,False,False,True,False,2
V009,Village_9,16.80112,74.29241,8355,2024-11-10,6.78,1.2,0.535,0,0.4,30.2,0.28,8,5,Medium,0.585,0.688,0.72,45,11,False,False,False,False,False,True,1
V009,Village_9,16.80112,74.29241,8355,2024-11-17,6.8,1.95,0.231,0,19.0,32.5,0.28,5,6,Medium,0.964,1.2133333333333334,0.72,46,11,False,False,False,True,False,False,1
V009,Village_9,16.80112,74.29241,8355,2024-11-24,6.59,6.03,0.357,1,2.9,28.7,0.28,6,10,High,2.246,0.6379999999999999,0.72,47,11,False,False,False,False,True,False,2
V009,Village_9,16.80112,74.29241,8355,2024-12-01,7.03,2.12,0.403,0,3.3,35.7,0.28,10,1,Low,0.8089999999999999,1.112666666666667,0.72,48,12,False,False,False,False,True,False,0
V009,Village_9,16.80112,74.29241,8355,2024-12-08,7.14,0.63,0.21,0,10.4,29.9,0.28,1,3,Medium,0.853,0.8679999999999999,0.72,49,12,False,False,False,False,True,False,1
V009,Village_9,16.80112,74.29241,8355,2024-12-15,6.7,0.74,0.269,1,12.2,27.0,0.28,3,10,High,1.805,0.7106666666666667,0.72,50,12,False,False,False,False,True,False,2
V009,Village_9,16.80112,74.29241,8355,2024-12-22,6.67,2.3,0.37,0,12.2,28.8,0.28,10,5,Medium,0.86,0.8306666666666667,0.72,51,12,False,False,False,False,False,True,1
V009,Village_9,16.80112,74.29241,8355,2024-12-29,7.12,0.87,0.113,0,6.8,26.5,0.28,5,5,Medium,0.974,0.5693333333333334,0.72,52,12,False,False,False,False,True,False,1
V010,Village_10,16.90807,73.74645,3873,2024-01-07,7.28,1.15,0.338,0,2.9,31.5,0.8,0,0,Low,0.7769999999999999,0.8246666666666667,0.19999999999999996,1,1,False,True,False,False,True,False,0
V010,Village_10,16.90807,73.74645,3873,2024-01-14,6.24,0.84,0.304,0,3.6,31.4,0.8,0,0,Low,0.7799999999999999,0.8319999999999999,0.19999999999999996,2,1,False,True,False,False,False,False,0
V010,Village_10,16.90807,73.74645,3873,2024-01-21,6.89,0.35,0.175,0,7.6,34.7,0.8,0,3,Medium,0.86,1.1320000000000001,0.19999999999999996,3,1,False,True,False,True,False,False,1
V010,Village_10,16.90807,73.74645,3873,2024-01-28,7.31,2.59,0.176,0,15.9,27.3,0.8,3,1,Low,1.0830000000000002,0.8046666666666666,0.19999999999999996,4,1,False,True,False,False,False,True,0
V010,Village_10,16.90807,73.74645,3873,2024-02-04,6.56,5.18,0.366,0,10.2,24.3,0.8,1,0,Low,1.1520000000000001,0.4906666666666667,0.19999999999999996,5,2,False,True,False,True,False,False,0
V010,Village_10,16.90807,73.74645,3873,2024-02-11,6.63,4.2,0.187,0,0.8,27.3,0.8,0,2,Low,1.233,0.5026666666666667,0.19999999999999996,6,2,False,True,False,False,True,False,0
V010,Village_10,16.90807,73.74645,3873,2024-02-18,7.49,1.62,0.424,0,4.0,27.6,0.8,2,1,Low,0.7380000000000001,0.5866666666666667,0.19999999999999996,7,2,False,True,False,True,False,False,0
V010,Village_10,16.90807,73.74645,3873,2024-02-25,7.23,2.17,0.316,0,7.1,33.7,0.8,1,1,Low,0.9009999999999999,1.0553333333333335,0.19999999999999996,8,2,False,True,False,False,True,False,0
V010,Village_10,16.90807,73.74645,3873,2024-03-03,6.81,0.46,0.161,0,9.3,32.0,0.8,1,1,Low,0.885,0.9860000000000001,0.19999999999999996,9,3,False,True,False,False,False,False,0
V010,Village_10,16.90807,73.74645,3873,2024-03-10,6.61,2.57,0.334,0,7.4,32.7,0.8,1,3,Medium,0.9229999999999999,0.9946666666666669,0.19999999999999996,10,3,False,True,False,True,False,False,1
V010,Village_10,16.90807,73.74645,3873,2024-03-17,5.84,1.13,0.282,0,2.1,24.0,0.8,3,6,Medium,0.831,0.30866666666666664,0.19999999999999996,11,3,False,True,False,False,False,False,1
V010,Village_10,16.90807,73.74645,3873,2024-03-24,7.35,2.28,0.043,0,9.4,26.0,0.8,6,4,Medium,1.185,0.5880000000000001,0.19999999999999996,12,3,False,True,False,False,False,False,1
V010,Village_10,16.90807,73.74645,3873,2024-03-31,6.73,2.69,0.375,0,3.8,33.5,0.8,4,6,Medium,0.894,0.976,0.19999999999999996,13,3,False,True,False,True,False,False,1
V010,Village_10,16.90807,73.74645,3873,2024-04-07,7.15,1.78,0.183,0,3.5,25.6,0.8,6,2,Low,0.9949999999999999,0.4433333333333334,0.19999999999999996,14,4,False,True,False,False,False,False,0
V010,Village_10,16.90807,73.74645,3873,2024-04-14,7.05,3.53,0.326,0,8.8,27.9,0.8,2,3,Medium,1.027,0.7026666666666667,0.19999999999999996,15,4,False,True,False,False,True,False,1
V010,Village_10,16.90807,73.74645,3873,2024-04-21,6.35,0.49,0.426,0,15.5,30.9,0.8,3,0,Low,0.6230000000000001,1.0366666666666666,0.19999999999999996,16,4,False,True,False,False,False,False,0
V010,Village_10,16.90807,73.74645,3873,2024-04-28,7.25,2.22,0.465,0,2.4,26.5,0.8,0,3,Medium,0.7569999999999999,0.48133333333333334,0.19999999999999996,17,4,False,True,False,False,True,False,1
V010,Village_10,16.90807,73.74645,3873,2024-05-05,6.81,0.75,0.511,0,1.9,28.3,0.8,3,1,Low,0.564,0.5913333333333334,0.19999999999999996,18,5,False,True,False,False,False,True,0
V010,Village_10,16.90807,73.74645,3873,2024-05-12,6.53,3.16,0.347,0,14.7,29.1,0.8,1,3,Medium,0.9690000000000001,0.9006666666666667,0.19999999999999996,19,5,False,True,False,True,False,False,1
V010,Village_10,16.90807,73.74645,3873,2024-05-19,7.53,1.17,0.327,0,4.5,30.4,0.8,3,3,Medium,0.79,0.7833333333333332,0.19999999999999996,20,5,False,True,False,False,False,False,1
V010,Village_10,16.90807,73.74645,3873,2024-05-26,7.06,2.19,0.245,1,2.4,29.0,0.8,3,2,Low,1.974,0.648,0.19999999999999996,21,5,False,True,False,False,False,False,0
V010,Village_10,16.90807,73.74645,3873,2024-06-02,7.52,6.9,0.282,0,11.0,33.9,0.8,2,3,Medium,1.408,1.1466666666666665,0.19999999999999996,22,6,False,True,False,False,True,False,1
V010,Village_10,16.90807,73.74645,3873,2024-06-09,6.46,13.6,0.236,0,31.1,26.0,0.8,3,7,High,2.1239999999999997,1.022,0.19999999999999996,23,6,False,True,False,False,True,False,2
V010,Village_10,16.90807,73.74645,3873,2024-06-16,7.58,0.8,0.149,0,65.4,32.3,0.8,7,6,Medium,0.9309999999999999,2.128,0.19999999999999996,24,6,False,True,False,False,True,False,1
V010,Village_10,16.90807,73.74645,3873,2024-06-23,7.13,11.78,0.305,0,44.0,28.2,0.8,6,3,Medium,1.873,1.4266666666666667,0.19999999999999996,25,6,False,True,False,True,False,False,1
V010,Village_10,16.90807,73.74645,3873,2024-06-30,7.3,3.3,0.166,0,34.5,23.6,0.8,3,3,Medium,1.164,0.93,0.19999999999999996,26,6,False,True,False,True,False,False,1
V010,Village_10,16.90807,73.74645,3873,2024-07-07,6.56,2.7,0.212,0,27.3,26.7,0.8,3,3,Medium,1.058,0.9926666666666666,0.19999999999999996,27,7,False,True,False,False,True,False,1
V010,Village_10,16.90807,73.74645,3873,2024-07-14,7.04,24.54,0.231,0,60.2,25.3,0.8,3,10,High,3.223,1.5573333333333332,0.19999999999999996,28,7,False,True,False,False,True,False,2
V010,Village_10,16.90807,73.74645,3873,2024-07-21,6.42,11.72,0.068,1,35.1,28.9,0.8,10,6,Medium,3.104,1.2953333333333332,0.19999999999999996,29,7,False,True,False,True,False,False,1
V010,Village_10,16.90807,73.74645,3873,2024-07-28,6.84,8.51,0.069,1,17.5,28.3,0.8,6,3,Medium,2.782,0.9033333333333333,0.19999999999999996,30,7,False,True,False,False,False,True,1
V010,Village_10,16.90807,73.74645,3873,2024-08-04,6.65,19.36,0.339,0,69.8,30.0,0.8,3,9,High,2.597,2.0626666666666664,0.19999999999999996,31,8,False,True,False,True,False,False,2
V010,Village_10,16.90807,73.74645,3873,2024-08-11,7.49,1.61,0.264,0,44.9,24.1,0.8,9,0,Low,0.897,1.1713333333333336,0.19999999999999996,32,8,False,True,False,True,False,False,0
V010,Village_10,16.90807,73.74645,3873,2024-08-18,7.36,1.06,0.0,0,25.4,26.3,0.8,0,4,Medium,1.106,0.928,0.19999999999999996,33,8,False,True,False,True,False,False,1
V010,Village_10,16.90807,73.74645,3873,2024-08-25,6.96,5.13,0.096,1,10.4,25.3,0.8,4,5,Medium,2.417,0.5613333333333335,0.19999999999999996,34,8,False,True,False,True,False,False,1
V010,Village_10,16.90807,73.74645,3873,2024-09-01,6.24,1.88,0.146,0,57.5,29.2,0.8,5,3,Medium,1.042,1.7633333333333332,0.19999999999999996,35,9,False,True,False,False,True,False,1
V010,Village_10,16.90807,73.74645,3873,2024-09-08,7.32,3.98,0.022,0,3.4,30.3,0.8,3,5,Medium,1.376,0.7546666666666668,0.19999999999999996,36,9,False,True,False,True,False,False,1
V010,Village_10,16.90807,73.74645,3873,2024-09-15,6.48,0.28,0.252,0,1.3,36.5,0.8,5,2,Low,0.776,1.1260000000000001,0.19999999999999996,37,9,False,True,False,False,True,False,0
V010,Village_10,16.90807,73.74645,3873,2024-09-22,6.32,1.93,0.323,0,5.9,35.6,0.8,2,0,Low,0.8700000000000001,1.1580000000000001,0.19999999999999996,38,9,False,True,False,True,False,False,0
V010,Village_10,16.90807,73.74645,3873,2024-09-29,6.99,1.49,0.404,0,3.0,30.9,0.8,0,3,Medium,0.745,0.7866666666666666,0.19999999999999996,39,9,False,True,False,True,False,False,1
V010,Village_10,16.90807,73.74645,3873,2024-10-06,6.54,2.76,0.294,0,25.4,28.8,0.8,3,4,Medium,0.982,1.0946666666666667,0.19999999999999996,40,10,False,True,False,False,False,True,1
V010,Village_10,16.90807,73.74645,3873,2024-10-13,6.12,0.77,0.261,0,2.4,30.1,0.8,4,1,Low,0.816,0.7213333333333335,0.19999999999999996,41,10,False,True,False,False,False,True,0
V010,Village_10,16.90807,73.74645,3873,2024-10-20,7.32,2.38,0.25,0,2.1,33.9,0.8,1,1,Low,0.988,0.9686666666666666,0.19999999999999996,42,10,False,True,False,False,True,False,0
V010,Village_10,16.90807,73.74645,3873,2024-10-27,7.17,1.73,0.196,0,3.4,32.7,0.8,1,2,Low,0.9770000000000001,0.914666666666667,0.19999999999999996,43,10,False,True,False,True,False,False,0
V010,Village_10,16.90807,73.74645,3873,2024-11-03,6.19,1.53,0.459,0,11.9,28.1,0.8,2,3,Medium,0.694,0.7780000000000001,0.19999999999999996,44,11,False,True,False,False,False,False,1
V010,Village_10,16.90807,73.74645,3873,2024-11-10,6.96,1.22,0.388,0,5.7,29.0,0.8,3,2,Low,0.734,0.714,0.19999999999999996,45,11,False,True,False,False,False,True,0
V010,Village_10,16.90807,73.74645,3873,2024-11-17,7.37,2.45,0.236,0,3.8,29.6,0.8,2,4,Medium,1.0090000000000001,0.7160000000000001,0.19999999999999996,46,11,False,True,False,False,True,False,1
V010,Village_10,16.90807,73.74645,3873,2024-11-24,6.86,4.78,0.42,0,9.3,28.8,0.8,4,2,Low,1.058,0.7726666666666667,0.19999999999999996,47,11,False,True,False,False,True,False,0
V010,Village_10,16.90807,73.74645,3873,2024-12-01,6.74,1.07,0.388,0,8.6,30.8,0.8,2,0,Low,0.719,0.8920000000000001,0.19999999999999996,48,12,False,True,False,False,False,True,0
V010,Village_10,16.90807,73.74645,3873,2024-12-08,7.25,1.83,0.397,0,6.9,27.2,0.8,0,1,Low,0.786,0.6179999999999999,0.19999999999999996,49,12,False,True,False,False,False,True,0
V010,Village_10,16.90807,73.74645,3873,2024-12-15,6.73,3.01,0.34,0,2.0,28.5,0.8,1,3,Medium,0.9609999999999999,0.6066666666666667,0.19999999999999996,50,12,False,True,False,True,False,False,1
V010,Village_10,16.90807,73.74645,3873,2024-12-22,7.16,1.63,0.281,0,0.8,29.6,0.8,3,1,Low,0.8819999999999999,0.6560000000000001,0.19999999999999996,51,12,False,True,False,False,False,True,0
V010,Village_10,16.90807,73.74645,3873,2024-12-29,7.32,2.29,0.282,0,7.4,26.8,0.8,1,3,Medium,0.947,0.6013333333333334,0.19999999999999996,52,12,False,True,False,True,False,False,1
V011,Village_11,16.22058,74.30754,1821,2024-01-07,6.22,5.96,0.296,0,9.2,33.8,0.64,0,4,Medium,1.2999999999999998,1.1039999999999999,0.36,1,1,False,True,False,False,False,False,1
V011,Village_11,16.22058,74.30754,1821,2024-01-14,6.8,1.83,0.371,1,6.6,29.9,0.64,4,3,Medium,1.812,0.7919999999999999,0.36,2,1,False,True,False,False,False,True,1
V011,Village_11,16.22058,74.30754,1821,2024-01-21,7.2,3.9,0.436,0,1.0,31.0,0.64,3,2,Low,0.9540000000000001,0.7533333333333333,0.36,3,1,False,True,False,False,False,False,0
V011,Village_11,16.22058,74.30754,1821,2024-01-28,7.73,2.0,0.373,0,5.6,33.3,0.64,2,1,Low,0.827,0.9986666666666665,0.36,4,1,False,True,False,False,False,False,0
V011,Village_11,16.22058,74.30754,1821,2024-02-04,6.24,2.91,0.25,0,7.4,29.0,0.64,1,1,Low,1.041,0.748,0.36,5,2,False,True,False,False,False,True,0
V011,Village_11,16.22058,74.30754,1821,2024-02-11,7.16,0.49,0.312,0,6.0,28.0,0.64,1,1,Low,0.737,0.6533333333333333,0.36,6,2,False,True,False,False,False,True,0
V011,Village_11,16.22058,74.30754,1821,2024-02-18,7.32,1.79,0.179,0,3.4,32.0,0.64,1,4,Medium,1.0,0.8680000000000001,0.36,7,2,False,True,False,True,False,False,1
V011,Village_11,16.22058,74.30754,1821,2024-02-25,7.12,1.32,0.233,0,8.4,30.5,0.64,4,2,Low,0.899,0.868,0.36,8,2,False,True,False,True,False,False,0
V011,Village_11,16.22058,74.30754,1821,2024-03-03,7.49,0.9,0.354,0,2.2,30.3,0.64,2,2,Low,0.736,0.7306666666666668,0.36,9,3,False,True,False,False,False,False,0
V011,Village_11,16.22058,74.30754,1821,2024-03-10,6.64,4.74,0.251,0,16.8,26.5,0.64,2,2,Low,1.223,0.7693333333333334,0.36,10,3,False,True,False,False,True,False,0
V011,Village_11,16.22058,74.30754,1821,2024-03-17,7.52,5.12,0.196,1,10.7,26.3,0.64,2,2,Low,2.316,0.634,0.36,11,3,False,True,False,True,False,False,0
V011,Village_11,16.22058,74.30754,1821,2024-03-24,7.28,3.61,0.36,0,8.4,26.9,0.64,2,1,Low,1.001,0.6279999999999999,0.36,12,3,False,True,False,False,True,False,0
V011,Village_11,16.22058,74.30754,1821,2024-03-31,7.33,4.18,0.231,0,8.3,31.1,0.64,1,4,Medium,1.187,0.9060000000000001,0.36,13,3,False,True,False,True,False,False,1
V011,Village_11,16.22058,74.30754,1821,2024-04-07,7.26,2.99,0.097,0,5.8,32.0,0.64,4,4,Medium,1.202,0.916,0.36,14,4,False,True,False,False,False,False,1
V011,Village_11,16.22058,74.30754,1821,2024-04-14,6.47,2.91,0.287,0,2.5,31.7,0.64,4,1,Low,1.004,0.83,0.36,15,4,False,True,False,True,False,False,0
V011,Village_11,16.22058,74.30754,1821,2024-04-21,7.31,5.65,0.294,0,9.7,29.8,0.64,1,1,Low,1.271,0.8473333333333334,0.36,16,4,False,True,False,True,False,False,0
V011,Village_11,16.22058,74.30754,1821,2024-04-28,7.51,2.16,0.352,0,5.2,34.8,0.64,1,2,Low,0.8640000000000001,1.0906666666666665,0.36,17,4,False,True,False,False,False,False,0
V011,Village_11,16.22058,74.30754,1821,2024-05-05,7.76,0.6,0.184,0,6.7,24.6,0.64,2,1,Low,0.8760000000000001,0.44066666666666676,0.36,18,5,False,True,False,False,False,False,0
V011,Village_11,16.22058,74.30754,1821,2024-05-12,6.94,3.89,0.413,0,10.9,32.0,0.64,1,3,Medium,0.976,1.018,0.36,19,5,False,True,False,False,False,False,1
V011,Village_11,16.22058,74.30754,1821,2024-05-19,7.56,3.32,0.231,0,8.4,29.0,0.64,3,0,Low,1.101,0.768,0.36,20,5,False,True,False,False,True,False,0
V011,Village_11,16.22058,74.30754,1821,2024-05-26,6.84,1.6,0.266,0,4.8,27.7,0.64,0,1,Low,0.894,0.6093333333333333,0.36,21,5,False,True,False,True,False,False,0
V011,Village_11,16.22058,74.30754,1821,2024-06-02,6.62,0.44,0.219,0,6.5,31.7,0.64,1,1,Low,0.8250000000000001,0.9099999999999999,0.36,22,6,False,True,False,False,False,False,0
V011,Village_11,16.22058,74.30754,1821,2024-06-09,7.33,5.95,0.141,1,7.6,30.6,0.64,1,2,Low,2.4539999999999997,0.8586666666666668,0.36,23,6,False,True,False,False,False,True,0
V011,Village_11,16.22058,74.30754,1821,2024-06-16,7.17,11.08,0.097,1,14.7,28.8,0.64,2,5,Medium,3.011,0.8806666666666667,0.36,24,6,False,True,False,False,False,False,1
V011,Village_11,16.22058,74.30754,1821,2024-06-23,6.3,1.55,0.171,0,41.6,25.8,0.64,5,4,Medium,0.984,1.2186666666666668,0.36,25,6,False,True,False,False,False,True,1
V011,Village_11,16.22058,74.30754,1821,2024-06-30,6.83,0.18,0.047,0,13.8,24.5,0.64,4,1,Low,0.971,0.5760000000000001,0.36,26,6,False,True,False,True,False,False,0
V011,Village_11,16.22058,74.30754,1821,2024-07-07,7.57,8.4,0.174,1,65.4,25.1,0.64,1,6,Medium,2.6660000000000004,1.6480000000000001,0.36,27,7,False,True,False,True,False,False,1
V011,Village_11,16.22058,74.30754,1821,2024-07-14,7.35,6.59,0.0,1,30.9,25.7,0.64,6,6,Medium,2.659,0.998,0.36,28,7,False,True,False,True,False,False,1
V011,Village_11,16.22058,74.30754,1821,2024-07-21,6.96,2.14,0.202,0,40.1,24.7,0.64,6,0,Low,1.012,1.1153333333333333,0.36,29,7,False,True,False,False,False,False,0
V011,Village_11,16.22058,74.30754,1821,2024-07-28,7.15,3.34,0.0,0,21.8,27.1,0.64,0,4,Medium,1.334,0.9093333333333334,0.36,30,7,False,True,False,False,False,True,1
V011,Village_11,16.22058,74.30754,1821,2024-08-04,7.29,0.39,0.033,0,41.7,27.3,0.64,4,4,Medium,1.006,1.3206666666666669,0.36,31,8,False,True,False,True,False,False,1
V011,Village_11,16.22058,74.30754,1821,2024-08-11,7.17,10.86,0.256,0,7.3,26.8,0.64,4,2,Low,1.8299999999999998,0.5993333333333334,0.36,32,8,False,True,False,False,False,False,0
V011,Village_11,16.22058,74.30754,1821,2024-08-18,7.47,4.26,0.29,0,4.9,23.9,0.64,2,3,Medium,1.136,0.3579999999999999,0.36,33,8,False,True,False,False,False,False,1
V011,Village_11,16.22058,74.30754,1821,2024-08-25,6.98,5.0,0.246,0,32.9,23.0,0.64,3,2,Low,1.254,0.8579999999999999,0.36,34,8,False,True,False,False,False,True,0
V011,Village_11,16.22058,74.30754,1821,2024-09-01,6.4,3.15,0.078,0,86.8,31.5,0.64,2,5,Medium,1.237,2.502666666666667,0.36,35,9,False,True,False,False,True,False,1
V011,Village_11,16.22058,74.30754,1821,2024-09-08,6.93,21.35,0.09,1,24.8,27.6,0.64,5,8,High,4.045,1.0026666666666668,0.36,36,9,False,True,False,False,True,False,2
V011,Village_11,16.22058,74.30754,1821,2024-09-15,7.34,2.03,0.469,0,3.4,27.4,0.64,8,2,Low,0.734,0.5613333333333332,0.36,37,9,False,True,False,False,False,True,0
V011,Village_11,16.22058,74.30754,1821,2024-09-22,7.45,4.11,0.451,0,10.4,33.5,0.64,2,1,Low,0.96,1.108,0.36,38,9,False,True,False,False,False,True,0
V011,Village_11,16.22058,74.30754,1821,2024-09-29,6.96,5.48,0.237,0,3.1,35.1,0.64,1,4,Medium,1.311,1.0686666666666669,0.36,39,9,False,True,False,False,True,False,1
V011,Village_11,16.22058,74.30754,1821,2024-10-06,6.75,5.55,0.245,0,4.3,26.1,0.64,4,2,Low,1.31,0.4926666666666668,0.36,40,10,False,True,False,True,False,False,0
V011,Village_11,16.22058,74.30754,1821,2024-10-13,7.47,0.38,0.231,0,11.4,31.2,0.64,2,1,Low,0.807,0.9746666666666666,0.36,41,10,False,True,False,False,True,False,0
V011,Village_11,16.22058,74.30754,1821,2024-10-20,7.0,1.87,0.293,0,5.1,29.9,0.64,1,1,Low,0.8940000000000001,0.7619999999999999,0.36,42,10,False,True,False,False,True,False,0
V011,Village_11,16.22058,74.30754,1821,2024-10-27,6.32,0.75,0.287,0,9.9,29.8,0.64,1,1,Low,0.788,0.8513333333333335,0.36,43,10,False,True,False,False,False,True,0
V011,Village_11,16.22058,74.30754,1821,2024-11-03,6.69,0.47,0.387,0,9.3,27.2,0.64,1,1,Low,0.66,0.6659999999999999,0.36,44,11,False,True,False,True,False,False,0
V011,Village_11,16.22058,74.30754,1821,2024-11-10,6.36,3.3,0.198,0,14.0,28.9,0.64,1,1,Low,1.1320000000000001,0.8733333333333333,0.36,45,11,False,True,False,False,True,False,0
V011,Village_11,16.22058,74.30754,1821,2024-11-17,6.46,3.81,0.235,0,10.8,33.4,0.64,1,0,Low,1.146,1.1093333333333333,0.36,46,11,False,True,False,False,False,False,0
V011,Village_11,16.22058,74.30754,1821,2024-11-24,6.99,2.95,0.252,0,2.8,30.6,0.64,0,2,Low,1.0430000000000001,0.7626666666666668,0.36,47,11,False,True,False,False,True,False,0
V011,Village_11,16.22058,74.30754,1821,2024-12-01,6.82,3.04,0.351,0,1.4,29.2,0.64,2,1,Low,0.9530000000000001,0.6413333333333333,0.36,48,12,False,True,False,False,False,False,0
V011,Village_11,16.22058,74.30754,1821,2024-12-08,6.45,1.13,0.341,0,9.6,29.2,0.64,1,1,Low,0.772,0.8053333333333332,0.36,49,12,False,True,False,False,False,False,0
V011,Village_11,16.22058,74.30754,1821,2024-12-15,6.81,1.44,0.179,0,6.1,28.0,0.64,1,1,Low,0.965,0.6553333333333333,0.36,50,12,False,True,False,True,False,False,0
V011,Village_11,16.22058,74.30754,1821,2024-12-22,7.57,1.66,0.359,0,11.7,32.1,0.64,1,1,Low,0.8069999999999999,1.0406666666666666,0.36,51,12,False,True,False,False,False,True,0
V011,Village_11,16.22058,74.30754,1821,2024-12-29,7.6,1.64,0.323,0,1.9,29.1,0.64,1,0,Low,0.841,0.6446666666666668,0.36,52,12,False,True,False,False,False,False,0
V012,Village_12,17.16991,73.87052,11605,2024-01-07,7.13,2.53,0.184,0,10.7,29.0,0.43,0,6,Medium,1.069,0.814,0.5700000000000001,1,1,False,True,False,False,True,False,1
V012,Village_12,17.16991,73.87052,11605,2024-01-14,6.86,2.29,0.259,0,4.6,28.9,0.43,6,16,High,0.97,0.6853333333333332,0.5700000000000001,2,1,False,True,False,False,False,False,2
V012,Village_12,17.16991,73.87052,11605,2024-01-21,7.42,0.69,0.333,0,3.6,26.2,0.43,16,16,High,0.736,0.4853333333333333,0.5700000000000001,3,1,False,True,False,False,True,False,2
V012,Village_12,17.16991,73.87052,11605,2024-01-28,7.21,0.44,0.456,0,17.3,23.4,0.43,16,13,High,0.5880000000000001,0.5726666666666667,0.5700000000000001,4,1,False,True,False,False,False,False,2
V012,Village_12,17.16991,73.87052,11605,2024-02-04,7.21,1.77,0.149,0,3.1,31.7,0.43,13,16,High,1.028,0.8419999999999999,0.5700000000000001,5,2,False,True,False,False,False,False,2
V012,Village_12,17.16991,73.87052,11605,2024-02-11,7.13,0.11,0.379,0,12.0,31.3,0.43,16,2,Low,0.632,0.9933333333333334,0.5700000000000001,6,2,False,True,False,False,False,False,0
V012,Village_12,17.16991,73.87052,11605,2024-02-18,6.94,3.69,0.107,0,4.5,26.2,0.43,2,9,High,1.262,0.5033333333333333,0.5700000000000001,7,2,False,True,False,False,False,False,2
V012,Village_12,17.16991,73.87052,11605,2024-02-25,7.68,2.03,0.258,0,2.8,27.5,0.43,9,9,High,0.945,0.556,0.5700000000000001,8,2,False,True,False,False,False,False,2
V012,Village_12,17.16991,73.87052,11605,2024-03-03,6.97,4.87,0.307,0,10.6,34.0,0.43,9,20,High,1.1800000000000002,1.1453333333333333,0.5700000000000001,9,3,False,True,False,False,False,False,2
V012,Village_12,17.16991,73.87052,11605,2024-03-10,7.27,1.76,0.257,0,5.8,30.9,0.43,20,18,High,0.919,0.8426666666666666,0.5700000000000001,10,3,False,True,False,True,False,False,2
V012,Village_12,17.16991,73.87052,11605,2024-03-17,7.22,1.59,0.197,0,14.7,27.7,0.43,18,13,High,0.962,0.8073333333333332,0.5700000000000001,11,3,False,True,False,False,False,True,2
V012,Village_12,17.16991,73.87052,11605,2024-03-24,6.9,5.5,0.28,0,1.9,30.4,0.43,13,16,High,1.27,0.7313333333333333,0.5700000000000001,12,3,False,True,False,False,True,False,2
V012,Village_12,17.16991,73.87052,11605,2024-03-31,7.18,7.29,0.257,0,5.3,23.9,0.43,16,25,High,1.472,0.3659999999999999,0.5700000000000001,13,3,False,True,False,True,False,False,2
V012,Village_12,17.16991,73.87052,11605,2024-04-07,6.57,3.61,0.344,0,6.1,37.1,0.43,25,16,High,1.017,1.262,0.5700000000000001,14,4,False,True,False,False,False,True,2
V012,Village_12,17.16991,73.87052,11605,2024-04-14,7.16,2.4,0.373,0,19.2,33.2,0.43,16,11,High,0.867,1.2640000000000002,0.5700000000000001,15,4,False,True,False,False,False,False,2
V012,Village_12,17.16991,73.87052,11605,2024-04-21,7.06,5.79,0.368,1,6.1,34.1,0.43,11,16,High,2.211,1.062,0.5700000000000001,16,4,False,True,False,True,False,False,2
V012,Village_12,17.16991,73.87052,11605,2024-04-28,7.79,7.36,0.179,1,11.1,35.5,0.43,16,13,High,2.557,1.2553333333333334,0.5700000000000001,17,4,False,True,False,False,True,False,2
V012,Village_12,17.16991,73.87052,11605,2024-05-05,7.28,1.13,0.066,0,6.7,32.3,0.43,13,20,High,1.047,0.9539999999999998,0.5700000000000001,18,5,False,True,False,False,True,False,2
V012,Village_12,17.16991,73.87052,11605,2024-05-12,7.5,1.99,0.205,0,3.4,34.1,0.43,20,9,High,0.994,1.008,0.5700000000000001,19,5,False,True,False,False,False,True,2
V012,Village_12,17.16991,73.87052,11605,2024-05-19,7.15,4.39,0.271,0,2.6,29.0,0.43,9,6,Medium,1.168,0.652,0.5700000000000001,20,5,False,True,False,False,False,True,1
V012,Village_12,17.16991,73.87052,11605,2024-05-26,6.58,4.36,0.349,0,9.3,20.9,0.43,6,9,High,1.0870000000000002,0.24599999999999994,0.5700000000000001,21,5,False,True,False,False,False,True,2
V012,Village_12,17.16991,73.87052,11605,2024-06-02,7.02,2.19,0.431,0,2.8,30.1,0.43,9,16,High,0.7879999999999999,0.7293333333333334,0.5700000000000001,22,6,False,True,False,False,True,False,2
V012,Village_12,17.16991,73.87052,11605,2024-06-09,6.81,6.26,0.123,1,62.9,26.7,0.43,16,23,High,2.503,1.7046666666666666,0.5700000000000001,23,6,False,True,False,True,False,False,2
V012,Village_12,17.16991,73.87052,11605,2024-06-16,7.52,4.08,0.244,0,37.1,24.0,0.43,23,23,High,1.1640000000000001,1.0086666666666666,0.5700000000000001,24,6,False,True,False,False,False,True,2
V012,Village_12,17.16991,73.87052,11605,2024-06-23,7.38,8.04,0.21,0,10.9,23.7,0.43,23,23,High,1.5939999999999999,0.4646666666666666,0.5700000000000001,25,6,False,True,False,True,False,False,2
V012,Village_12,17.16991,73.87052,11605,2024-06-30,7.53,3.75,0.227,0,6.5,24.0,0.43,23,16,High,1.1480000000000001,0.39666666666666667,0.5700000000000001,26,6,False,True,False,True,False,False,2
V012,Village_12,17.16991,73.87052,11605,2024-07-07,7.22,3.78,0.478,0,2.6,22.1,0.43,16,16,High,0.9,0.19200000000000012,0.5700000000000001,27,7,False,True,False,False,True,False,2
V012,Village_12,17.16991,73.87052,11605,2024-07-14,7.22,3.29,0.163,0,38.8,26.7,0.43,16,11,High,1.166,1.2226666666666666,0.5700000000000001,28,7,False,True,False,False,False,False,2
V012,Village_12,17.16991,73.87052,11605,2024-07-21,7.41,0.05,0.037,0,51.1,23.3,0.43,11,4,Medium,0.968,1.242,0.5700000000000001,29,7,False,True,False,False,False,False,1
V012,Village_12,17.16991,73.87052,11605,2024-07-28,6.94,6.05,0.098,1,20.3,25.6,0.43,4,34,High,2.507,0.7793333333333334,0.5700000000000001,30,7,False,True,False,False,False,False,2
V012,Village_12,17.16991,73.87052,11605,2024-08-04,7.3,1.92,0.059,1,18.8,22.9,0.43,34,25,High,2.133,0.5693333333333332,0.5700000000000001,31,8,False,True,False,False,True,False,2
V012,Village_12,17.16991,73.87052,11605,2024-08-11,7.11,5.14,0.133,1,18.8,26.5,0.43,25,18,High,2.3810000000000002,0.8093333333333333,0.5700000000000001,32,8,False,True,False,False,True,False,2
V012,Village_12,17.16991,73.87052,11605,2024-08-18,6.98,11.74,0.287,0,29.2,22.3,0.43,18,20,High,1.887,0.7373333333333334,0.5700000000000001,33,8,False,True,False,True,False,False,2
V012,Village_12,17.16991,73.87052,11605,2024-08-25,7.91,10.6,0.272,0,13.4,25.5,0.43,20,25,High,1.788,0.6346666666666667,0.5700000000000001,34,8,False,True,False,True,False,False,2
V012,Village_12,17.16991,73.87052,11605,2024-09-01,6.8,4.71,0.07,0,26.1,23.4,0.43,25,16,High,1.4009999999999998,0.7486666666666666,0.5700000000000001,35,9,False,True,False,False,False,False,2
V012,Village_12,17.16991,73.87052,11605,2024-09-08,7.16,3.23,0.231,0,23.8,21.0,0.43,16,20,High,1.092,0.5426666666666667,0.5700000000000001,36,9,False,True,False,False,False,False,2
V012,Village_12,17.16991,73.87052,11605,2024-09-15,6.85,0.75,0.095,0,6.5,28.4,0.43,20,13,High,0.98,0.69,0.5700000000000001,37,9,False,True,False,True,False,False,2
V012,Village_12,17.16991,73.87052,11605,2024-09-22,6.39,2.59,0.326,0,1.9,32.5,0.43,13,13,High,0.9329999999999999,0.8713333333333334,0.5700000000000001,38,9,False,True,False,True,False,False,2
V012,Village_12,17.16991,73.87052,11605,2024-09-29,7.35,1.29,0.397,0,9.6,29.6,0.43,13,6,Medium,0.732,0.8320000000000001,0.5700000000000001,39,9,False,True,False,False,False,True,1
V012,Village_12,17.16991,73.87052,11605,2024-10-06,6.88,3.33,0.151,0,5.4,26.6,0.43,6,9,High,1.182,0.5480000000000002,0.5700000000000001,40,10,False,True,False,False,False,True,2
V012,Village_12,17.16991,73.87052,11605,2024-10-13,6.42,4.47,0.367,0,5.4,29.8,0.43,9,16,High,1.08,0.7613333333333334,0.5700000000000001,41,10,False,True,False,False,False,False,2
V012,Village_12,17.16991,73.87052,11605,2024-10-20,7.29,1.24,0.28,0,6.5,25.1,0.43,16,9,High,0.844,0.4700000000000001,0.5700000000000001,42,10,False,True,False,True,False,False,2
V012,Village_12,17.16991,73.87052,11605,2024-10-27,6.98,0.91,0.236,1,3.9,31.0,0.43,9,9,High,1.855,0.8113333333333332,0.5700000000000001,43,10,False,True,False,False,True,False,2
V012,Village_12,17.16991,73.87052,11605,2024-11-03,7.25,0.24,0.297,0,5.1,31.0,0.43,9,13,High,0.7270000000000001,0.8353333333333333,0.5700000000000001,44,11,False,True,False,False,True,False,2
V012,Village_12,17.16991,73.87052,11605,2024-11-10,7.74,3.32,0.203,0,13.9,27.4,0.43,13,13,High,1.129,0.7713333333333332,0.5700000000000001,45,11,False,True,False,False,False,True,2
V012,Village_12,17.16991,73.87052,11605,2024-11-17,6.7,0.8,0.331,0,4.7,22.9,0.43,13,16,High,0.749,0.2873333333333332,0.5700000000000001,46,11,False,True,False,False,False,True,2
V012,Village_12,17.16991,73.87052,11605,2024-11-24,7.13,0.21,0.232,0,12.4,31.9,0.43,16,4,Medium,0.789,1.0413333333333332,0.5700000000000001,47,11,False,True,False,False,True,False,1
V012,Village_12,17.16991,73.87052,11605,2024-12-01,6.56,1.15,0.306,0,5.3,30.6,0.43,4,6,Medium,0.8089999999999999,0.8126666666666668,0.5700000000000001,48,12,False,True,False,False,True,False,1
V012,Village_12,17.16991,73.87052,11605,2024-12-08,7.25,1.7,0.465,0,5.5,29.4,0.43,6,11,High,0.7049999999999998,0.7366666666666666,0.5700000000000001,49,12,False,True,False,False,False,False,2
V012,Village_12,17.16991,73.87052,11605,2024-12-15,7.08,4.82,0.359,0,17.4,26.3,0.43,11,9,High,1.123,0.768,0.5700000000000001,50,12,False,True,False,False,False,True,2
V012,Village_12,17.16991,73.87052,11605,2024-12-22,6.71,3.03,0.177,0,8.5,26.0,0.43,9,9,High,1.126,0.5700000000000001,0.5700000000000001,51,12,False,True,False,True,False,False,2
V012,Village_12,17.16991,73.87052,11605,2024-12-29,6.72,1.27,0.327,0,14.8,29.8,0.43,9,4,Medium,0.8,0.9493333333333335,0.5700000000000001,52,12,False,True,False,False,True,False,1
V013,Village_13,17.03244,73.76505,4643,2024-01-07,6.94,2.92,0.371,0,5.0,30.0,0.24,0,3,Medium,0.921,0.7666666666666666,0.76,1,1,True,False,False,False,False,True,1
V013,Village_13,17.03244,73.76505,4643,2024-01-14,6.9,3.57,0.177,0,10.1,25.5,0.24,3,6,Medium,1.18,0.5686666666666667,0.76,2,1,True,False,False,True,False,False,1
V013,Village_13,17.03244,73.76505,4643,2024-01-21,7.47,5.22,0.369,0,4.5,29.6,0.24,6,3,Medium,1.153,0.7300000000000001,0.76,3,1,True,False,False,True,False,False,1
V013,Village_13,17.03244,73.76505,4643,2024-01-28,7.23,4.53,0.266,0,4.1,33.6,0.24,3,4,Medium,1.187,0.9886666666666667,0.76,4,1,True,False,False,True,False,False,1
V013,Village_13,17.03244,73.76505,4643,2024-02-04,6.82,1.94,0.207,0,9.8,27.5,0.24,4,5,Medium,0.9870000000000001,0.696,0.76,5,2,True,False,False,False,False,False,1
V013,Village_13,17.03244,73.76505,4643,2024-02-11,6.99,3.14,0.466,0,13.0,27.7,0.24,5,5,Medium,0.8480000000000001,0.7733333333333333,0.76,6,2,True,False,False,True,False,False,1
V013,Village_13,17.03244,73.76505,4643,2024-02-18,6.61,2.24,0.405,0,1.1,30.4,0.24,5,8,High,0.819,0.7153333333333333,0.76,7,2,True,False,False,False,False,True,2
V013,Village_13,17.03244,73.76505,4643,2024-02-25,6.93,4.33,0.486,0,11.0,29.6,0.24,8,1,Low,0.9470000000000001,0.8600000000000001,0.76,8,2,True,False,False,False,False,True,0
V013,Village_13,17.03244,73.76505,4643,2024-03-03,7.92,1.45,0.365,0,19.1,32.0,0.24,1,9,High,0.78,1.182,0.76,9,3,True,False,False,False,True,False,2
V013,Village_13,17.03244,73.76505,4643,2024-03-10,6.98,1.78,0.215,0,2.6,31.8,0.24,9,3,Medium,0.9630000000000001,0.8386666666666668,0.76,10,3,True,False,False,False,False,True,1
V013,Village_13,17.03244,73.76505,4643,2024-03-17,7.76,4.43,0.453,0,12.2,32.3,0.24,3,0,Low,0.9899999999999999,1.0639999999999998,0.76,11,3,True,False,False,False,False,True,0
V013,Village_13,17.03244,73.76505,4643,2024-03-24,7.49,1.26,0.209,0,16.3,27.7,0.24,0,5,Medium,0.917,0.8393333333333333,0.76,12,3,True,False,False,False,False,False,1
V013,Village_13,17.03244,73.76505,4643,2024-03-31,7.25,1.61,0.111,0,8.0,31.8,0.24,5,3,Medium,1.05,0.9466666666666668,0.76,13,3,True,False,False,False,True,False,1
V013,Village_13,17.03244,73.76505,4643,2024-04-07,7.16,3.57,0.19,0,9.3,27.7,0.24,3,5,Medium,1.167,0.6993333333333334,0.76,14,4,True,False,False,False,True,False,1
V013,Village_13,17.03244,73.76505,4643,2024-04-14,7.19,1.65,0.231,0,5.8,28.9,0.24,5,4,Medium,0.9339999999999999,0.7093333333333333,0.76,15,4,True,False,False,True,False,False,1
V013,Village_13,17.03244,73.76505,4643,2024-04-21,6.77,2.09,0.411,0,3.8,27.0,0.24,4,0,Low,0.7979999999999999,0.5426666666666666,0.76,16,4,True,False,False,False,False,False,0
V013,Village_13,17.03244,73.76505,4643,2024-04-28,7.97,1.86,0.078,0,26.6,32.7,0.24,0,7,High,1.108,1.378666666666667,0.76,17,4,True,False,False,False,True,False,2
V013,Village_13,17.03244,73.76505,4643,2024-05-05,7.44,0.96,0.263,0,8.7,31.7,0.24,7,3,Medium,0.833,0.954,0.76,18,5,True,False,False,False,False,True,1
V013,Village_13,17.03244,73.76505,4643,2024-05-12,6.72,5.76,0.229,0,21.7,28.1,0.24,3,6,Medium,1.347,0.9740000000000002,0.76,19,5,True,False,False,False,True,False,1
V013,Village_13,17.03244,73.76505,4643,2024-05-19,7.79,1.86,0.152,0,5.4,37.4,0.24,6,1,Low,1.034,1.268,0.76,20,5,True,False,False,False,False,True,0
V013,Village_13,17.03244,73.76505,4643,2024-05-26,6.88,0.96,0.346,0,9.4,30.7,0.24,1,2,Low,0.75,0.9013333333333333,0.76,21,5,True,False,False,True,False,False,0
V013,Village_13,17.03244,73.76505,4643,2024-06-02,7.93,1.78,0.205,0,3.1,35.8,0.24,2,1,Low,0.9730000000000001,1.1153333333333333,0.76,22,6,True,False,False,False,False,True,0
V013,Village_13,17.03244,73.76505,4643,2024-06-09,7.27,8.31,0.218,0,20.4,25.5,0.24,1,6,Medium,1.613,0.7746666666666666,0.76,23,6,True,False,False,False,False,False,1
V013,Village_13,17.03244,73.76505,4643,2024-06-16,7.22,12.28,0.131,0,10.5,20.1,0.24,6,6,Medium,2.097,0.21666666666666676,0.76,24,6,True,False,False,False,False,False,1
V013,Village_13,17.03244,73.76505,4643,2024-06-23,7.79,1.83,0.117,0,1.0,31.8,0.24,6,2,Low,1.066,0.8066666666666668,0.76,25,6,True,False,False,True,False,False,0
V013,Village_13,17.03244,73.76505,4643,2024-06-30,6.97,5.07,0.108,1,24.3,25.3,0.24,2,6,Medium,2.399,0.8393333333333334,0.76,26,6,True,False,False,False,False,False,1
V013,Village_13,17.03244,73.76505,4643,2024-07-07,7.02,7.03,0.173,1,11.8,24.4,0.24,6,13,High,2.5300000000000002,0.5293333333333332,0.76,27,7,True,False,False,False,True,False,2
V013,Village_13,17.03244,73.76505,4643,2024-07-14,7.19,12.18,0.0,1,6.4,31.4,0.24,13,9,High,3.218,0.8879999999999999,0.76,28,7,True,False,False,False,False,False,2
V013,Village_13,17.03244,73.76505,4643,2024-07-21,6.64,5.97,0.036,1,24.0,21.6,0.24,9,12,High,2.561,0.5866666666666668,0.76,29,7,True,False,False,False,True,False,2
V013,Village_13,17.03244,73.76505,4643,2024-07-28,7.53,4.42,0.1,0,27.9,20.2,0.24,12,9,High,1.342,0.5713333333333332,0.76,30,7,True,False,False,False,False,False,2
V013,Village_13,17.03244,73.76505,4643,2024-08-04,6.54,4.41,0.157,1,36.7,23.3,0.24,9,10,High,2.284,0.9540000000000002,0.76,31,8,True,False,False,False,False,False,2
V013,Village_13,17.03244,73.76505,4643,2024-08-11,6.68,7.72,0.135,1,9.8,31.5,0.24,10,6,Medium,2.637,0.9626666666666668,0.76,32,8,True,False,False,False,False,False,1
V013,Village_13,17.03244,73.76505,4643,2024-08-18,6.78,8.13,0.176,1,27.1,27.2,0.24,6,11,High,2.637,1.022,0.76,33,8,True,False,False,True,False,False,2
V013,Village_13,17.03244,73.76505,4643,2024-08-25,7.4,9.71,0.072,1,152.8,23.6,0.24,11,8,High,2.899,3.2960000000000003,0.76,34,8,True,False,False,False,True,False,2
V013,Village_13,17.03244,73.76505,4643,2024-09-01,7.61,3.49,0.31,0,5.7,29.5,0.24,8,3,Medium,1.039,0.7473333333333333,0.76,35,9,True,False,False,False,False,False,1
V013,Village_13,17.03244,73.76505,4643,2024-09-08,6.38,4.01,0.175,0,33.8,28.8,0.24,3,5,Medium,1.226,1.2626666666666666,0.76,36,9,True,False,False,False,False,False,1
V013,Village_13,17.03244,73.76505,4643,2024-09-15,6.72,1.0,0.253,0,9.1,28.4,0.24,5,3,Medium,0.847,0.742,0.76,37,9,True,False,False,False,False,True,1
V013,Village_13,17.03244,73.76505,4643,2024-09-22,6.3,0.75,0.263,0,3.0,28.2,0.24,3,4,Medium,0.8119999999999999,0.6066666666666667,0.76,38,9,True,False,False,False,False,True,1
V013,Village_13,17.03244,73.76505,4643,2024-09-29,6.64,7.66,0.161,1,8.2,28.7,0.24,4,8,High,2.605,0.744,0.76,39,9,True,False,False,True,False,False,2
V013,Village_13,17.03244,73.76505,4643,2024-10-06,7.1,0.65,0.201,0,1.4,32.2,0.24,8,5,Medium,0.8639999999999999,0.8413333333333336,0.76,40,10,True,False,False,True,False,False,1
V013,Village_13,17.03244,73.76505,4643,2024-10-13,7.16,5.13,0.334,0,2.5,30.3,0.24,5,7,High,1.1789999999999998,0.7366666666666668,0.76,41,10,True,False,False,True,False,False,2
V013,Village_13,17.03244,73.76505,4643,2024-10-20,7.17,2.67,0.342,0,7.7,27.8,0.24,7,3,Medium,0.9249999999999999,0.674,0.76,42,10,True,False,False,True,False,False,1
V013,Village_13,17.03244,73.76505,4643,2024-10-27,5.82,1.17,0.381,0,15.9,33.1,0.24,3,4,Medium,0.736,1.1913333333333334,0.76,43,10,True,False,False,False,True,False,1
V013,Village_13,17.03244,73.76505,4643,2024-11-03,7.28,2.35,0.319,1,10.4,24.3,0.24,4,5,Medium,1.916,0.49466666666666675,0.76,44,11,True,False,False,False,True,False,1
V013,Village_13,17.03244,73.76505,4643,2024-11-10,7.31,1.92,0.386,0,9.0,27.1,0.24,5,4,Medium,0.806,0.6533333333333334,0.76,45,11,True,False,False,True,False,False,1
V013,Village_13,17.03244,73.76505,4643,2024-11-17,7.02,1.72,0.234,0,2.5,29.7,0.24,4,2,Low,0.938,0.6966666666666667,0.76,46,11,True,False,False,False,True,False,0
V013,Village_13,17.03244,73.76505,4643,2024-11-24,7.49,4.35,0.476,0,5.0,29.4,0.24,2,1,Low,0.959,0.7266666666666666,0.76,47,11,True,False,False,False,False,True,0
V013,Village_13,17.03244,73.76505,4643,2024-12-01,6.9,0.94,0.242,0,23.5,28.0,0.24,1,5,Medium,0.852,1.0033333333333334,0.76,48,12,True,False,False,False,False,False,1
V013,Village_13,17.03244,73.76505,4643,2024-12-08,6.64,6.4,0.294,0,23.3,31.3,0.24,5,5,Medium,1.346,1.2193333333333334,0.76,49,12,True,False,False,False,False,True,1
V013,Village_13,17.03244,73.76505,4643,2024-12-15,6.83,2.29,0.29,0,13.8,26.3,0.24,5,2,Low,0.939,0.6960000000000001,0.76,50,12,True,False,False,False,True,False,0
V013,Village_13,17.03244,73.76505,4643,2024-12-22,6.42,2.78,0.312,0,15.6,33.0,0.24,2,7,High,0.966,1.1786666666666668,0.76,51,12,True,False,False,False,True,False,2
V013,Village_13,17.03244,73.76505,4643,2024-12-29,6.02,0.29,0.325,0,4.4,22.1,0.24,7,7,High,0.7040000000000001,0.2280000000000001,0.76,52,12,True,False,False,True,False,False,2
V014,Village_14,16.41234,74.64889,8789,2024-01-07,6.47,1.94,0.512,0,1.1,28.1,0.42,0,1,Low,0.6819999999999999,0.5620000000000002,0.5800000000000001,1,1,False,False,False,False,True,False,0
V014,Village_14,16.41234,74.64889,8789,2024-01-14,6.84,1.54,0.317,0,2.6,22.9,0.42,1,3,Medium,0.8370000000000001,0.24533333333333324,0.5800000000000001,2,1,False,False,False,False,True,False,1
V014,Village_14,16.41234,74.64889,8789,2024-01-21,6.27,0.9,0.26,0,18.7,32.5,0.42,3,3,Medium,0.83,1.2073333333333334,0.5800000000000001,3,1,False,False,False,False,False,True,1
V014,Village_14,16.41234,74.64889,8789,2024-01-28,6.8,1.74,0.29,0,5.1,28.7,0.42,3,3,Medium,0.8839999999999999,0.6819999999999999,0.5800000000000001,4,1,False,False,False,False,True,False,1
V014,Village_14,16.41234,74.64889,8789,2024-02-04,7.01,0.72,0.401,0,12.9,32.3,0.42,3,8,High,0.6709999999999999,1.0779999999999998,0.5800000000000001,5,2,False,False,False,False,False,True,2
V014,Village_14,16.41234,74.64889,8789,2024-02-11,6.99,1.91,0.416,0,2.6,30.9,0.42,8,12,High,0.7750000000000001,0.7786666666666666,0.5800000000000001,6,2,False,False,False,True,False,False,2
V014,Village_14,16.41234,74.64889,8789,2024-02-18,7.17,0.57,0.203,0,2.3,35.7,0.42,12,3,Medium,0.8539999999999999,1.092666666666667,0.5800000000000001,7,2,False,False,False,False,False,False,1
V014,Village_14,16.41234,74.64889,8789,2024-02-25,6.87,5.53,0.298,0,3.2,27.4,0.42,3,14,High,1.255,0.5573333333333332,0.5800000000000001,8,2,False,False,False,False,False,False,2
V014,Village_14,16.41234,74.64889,8789,2024-03-03,7.08,1.18,0.277,0,9.9,33.4,0.42,14,3,Medium,0.841,1.0913333333333333,0.5800000000000001,9,3,False,False,False,False,False,False,1
V014,Village_14,16.41234,74.64889,8789,2024-03-10,6.79,3.21,0.304,0,13.2,34.1,0.42,3,12,High,1.017,1.2040000000000002,0.5800000000000001,10,3,False,False,False,False,True,False,2
V014,Village_14,16.41234,74.64889,8789,2024-03-17,7.0,3.17,0.232,0,7.7,27.1,0.42,12,8,High,1.085,0.6273333333333334,0.5800000000000001,11,3,False,False,False,False,False,True,2
V014,Village_14,16.41234,74.64889,8789,2024-03-24,6.96,0.23,0.431,0,16.9,30.7,0.42,8,8,High,0.592,1.0513333333333332,0.5800000000000001,12,3,False,False,False,False,False,False,2
V014,Village_14,16.41234,74.64889,8789,2024-03-31,7.36,2.03,0.233,0,4.5,22.9,0.42,8,8,High,0.97,0.2833333333333332,0.5800000000000001,13,3,False,False,False,False,False,False,2
V014,Village_14,16.41234,74.64889,8789,2024-04-07,6.96,1.24,0.241,0,3.6,35.6,0.42,8,8,High,0.883,1.112,0.5800000000000001,14,4,False,False,False,True,False,False,2
V014,Village_14,16.41234,74.64889,8789,2024-04-14,6.35,3.13,0.445,0,15.0,29.5,0.42,8,8,High,0.8679999999999999,0.9333333333333333,0.5800000000000001,15,4,False,False,False,False,True,False,2
V014,Village_14,16.41234,74.64889,8789,2024-04-21,7.24,0.27,0.33,0,12.2,31.4,0.42,8,10,High,0.697,1.004,0.5800000000000001,16,4,False,False,False,False,True,False,2
V014,Village_14,16.41234,74.64889,8789,2024-04-28,6.61,3.03,0.299,0,13.8,26.6,0.42,10,5,Medium,1.004,0.7160000000000002,0.5800000000000001,17,4,False,False,False,False,False,True,1
V014,Village_14,16.41234,74.64889,8789,2024-05-05,7.28,1.04,0.216,0,0.3,28.3,0.42,5,5,Medium,0.888,0.5593333333333333,0.5800000000000001,18,5,False,False,False,False,False,False,1
V014,Village_14,16.41234,74.64889,8789,2024-05-12,6.49,4.35,0.186,0,1.2,34.5,0.42,5,10,High,1.249,0.9906666666666667,0.5800000000000001,19,5,False,False,False,False,False,True,2
V014,Village_14,16.41234,74.64889,8789,2024-05-19,6.92,5.22,0.237,0,14.8,29.0,0.42,10,14,High,1.2850000000000001,0.896,0.5800000000000001,20,5,False,False,False,False,False,True,2
V014,Village_14,16.41234,74.64889,8789,2024-05-26,7.67,5.91,0.38,0,10.8,29.1,0.42,14,12,High,1.2109999999999999,0.8226666666666669,0.5800000000000001,21,5,False,False,False,False,False,False,2
V014,Village_14,16.41234,74.64889,8789,2024-06-02,7.4,2.88,0.366,0,2.9,31.6,0.42,12,5,Medium,0.9219999999999999,0.8313333333333335,0.5800000000000001,22,6,False,False,False,False,False,False,1
V014,Village_14,16.41234,74.64889,8789,2024-06-09,6.11,6.38,0.17,1,25.9,28.6,0.42,5,14,High,2.468,1.0913333333333335,0.5800000000000001,23,6,False,False,False,False,False,True,2
V014,Village_14,16.41234,74.64889,8789,2024-06-16,6.45,2.26,0.142,1,15.9,26.6,0.42,14,22,High,2.084,0.7580000000000001,0.5800000000000001,24,6,False,False,False,False,False,True,2
V014,Village_14,16.41234,74.64889,8789,2024-06-23,6.65,3.83,0.187,0,24.1,22.5,0.42,22,10,High,1.196,0.6486666666666667,0.5800000000000001,25,6,False,False,False,True,False,False,2
V014,Village_14,16.41234,74.64889,8789,2024-06-30,6.6,1.67,0.214,0,47.9,23.1,0.42,10,8,High,0.9530000000000001,1.1646666666666667,0.5800000000000001,26,6,False,False,False,False,False,False,2
V014,Village_14,16.41234,74.64889,8789,2024-07-07,6.38,4.13,0.043,0,13.4,26.6,0.42,8,14,High,1.3699999999999999,0.7080000000000002,0.5800000000000001,27,7,False,False,False,True,False,False,2
V014,Village_14,16.41234,74.64889,8789,2024-07-14,6.95,4.42,0.153,0,28.8,21.6,0.42,14,12,High,1.289,0.6826666666666669,0.5800000000000001,28,7,False,False,False,True,False,False,2
V014,Village_14,16.41234,74.64889,8789,2024-07-21,7.07,5.76,0.313,0,17.8,29.0,0.42,12,14,High,1.263,0.956,0.5800000000000001,29,7,False,False,False,False,True,False,2
V014,Village_14,16.41234,74.64889,8789,2024-07-28,6.52,2.14,0.0,0,50.8,25.2,0.42,14,10,High,1.214,1.3626666666666667,0.5800000000000001,30,7,False,False,False,False,False,True,2
V014,Village_14,16.41234,74.64889,8789,2024-08-04,7.36,12.05,0.099,1,63.9,21.2,0.42,10,10,High,3.106,1.3579999999999999,0.5800000000000001,31,8,False,False,False,False,False,False,2
V014,Village_14,16.41234,74.64889,8789,2024-08-11,6.75,1.63,0.333,0,2.0,25.9,0.42,10,7,High,0.8300000000000001,0.43333333333333324,0.5800000000000001,32,8,False,False,False,False,False,True,2
V014,Village_14,16.41234,74.64889,8789,2024-08-18,6.74,9.14,0.177,1,9.0,31.3,0.42,7,17,High,2.737,0.9333333333333333,0.5800000000000001,33,8,False,False,False,False,False,False,2
V014,Village_14,16.41234,74.64889,8789,2024-08-25,7.31,1.0,0.109,0,54.7,27.3,0.42,17,14,High,0.991,1.5806666666666667,0.5800000000000001,34,8,False,False,False,False,False,False,2
V014,Village_14,16.41234,74.64889,8789,2024-09-01,6.89,5.54,0.289,0,16.3,26.9,0.42,14,10,High,1.2650000000000001,0.7859999999999999,0.5800000000000001,35,9,False,False,False,True,False,False,2
V014,Village_14,16.41234,74.64889,8789,2024-09-08,7.05,11.85,0.03,1,25.0,24.8,0.42,10,26,High,3.1550000000000002,0.8200000000000001,0.5800000000000001,36,9,False,False,False,False,False,True,2
V014,Village_14,16.41234,74.64889,8789,2024-09-15,6.9,1.81,0.383,0,6.4,31.0,0.42,26,10,High,0.798,0.8613333333333333,0.5800000000000001,37,9,False,False,False,True,False,False,2
V014,Village_14,16.41234,74.64889,8789,2024-09-22,7.22,3.48,0.377,0,12.2,30.9,0.42,10,10,High,0.971,0.9706666666666666,0.5800000000000001,38,9,False,False,False,True,False,False,2
V014,Village_14,16.41234,74.64889,8789,2024-09-29,7.33,0.24,0.128,0,4.9,27.8,0.42,10,8,High,0.896,0.618,0.5800000000000001,39,9,False,False,False,True,False,False,2
V014,Village_14,16.41234,74.64889,8789,2024-10-06,7.1,3.65,0.433,0,3.3,29.0,0.42,8,1,Low,0.9319999999999999,0.6659999999999999,0.5800000000000001,40,10,False,False,False,False,False,True,0
V014,Village_14,16.41234,74.64889,8789,2024-10-13,7.54,1.93,0.349,0,6.1,31.9,0.42,1,5,Medium,0.8440000000000001,0.9153333333333332,0.5800000000000001,41,10,False,False,False,False,False,False,1
V014,Village_14,16.41234,74.64889,8789,2024-10-20,6.91,1.27,0.375,0,12.6,34.2,0.42,5,7,High,0.752,1.198666666666667,0.5800000000000001,42,10,False,False,False,False,False,True,2
V014,Village_14,16.41234,74.64889,8789,2024-10-27,6.88,1.57,0.273,0,10.2,32.9,0.42,7,7,High,0.884,1.0639999999999998,0.5800000000000001,43,10,False,False,False,False,False,False,2
V014,Village_14,16.41234,74.64889,8789,2024-11-03,7.05,1.77,0.294,0,8.4,28.8,0.42,7,14,High,0.883,0.7546666666666667,0.5800000000000001,44,11,False,False,False,False,False,False,2
V014,Village_14,16.41234,74.64889,8789,2024-11-10,7.36,0.56,0.46,0,3.2,29.0,0.42,14,10,High,0.5960000000000001,0.6639999999999999,0.5800000000000001,45,11,False,False,False,False,True,False,2
V014,Village_14,16.41234,74.64889,8789,2024-11-17,7.4,2.65,0.239,0,6.5,30.7,0.42,10,12,High,1.026,0.8433333333333333,0.5800000000000001,46,11,False,False,False,False,True,False,2
V014,Village_14,16.41234,74.64889,8789,2024-11-24,6.71,1.79,0.13,0,6.0,27.8,0.42,12,8,High,1.049,0.64,0.5800000000000001,47,11,False,False,False,True,False,False,2
V014,Village_14,16.41234,74.64889,8789,2024-12-01,6.22,5.96,0.382,0,4.4,30.7,0.42,8,15,High,1.214,0.8013333333333332,0.5800000000000001,48,12,False,False,False,False,False,False,2
V014,Village_14,16.41234,74.64889,8789,2024-12-08,6.98,1.91,0.272,0,4.1,33.8,0.42,15,8,High,0.919,1.0019999999999998,0.5800000000000001,49,12,False,False,False,False,False,False,2
V014,Village_14,16.41234,74.64889,8789,2024-12-15,6.39,2.29,0.188,0,5.8,25.3,0.42,8,7,High,1.0410000000000001,0.4693333333333334,0.5800000000000001,50,12,False,False,False,False,False,False,2
V014,Village_14,16.41234,74.64889,8789,2024-12-22,7.45,3.03,0.207,0,3.5,27.3,0.42,7,5,Medium,1.096,0.5566666666666666,0.5800000000000001,51,12,False,False,False,True,False,False,1
V014,Village_14,16.41234,74.64889,8789,2024-12-29,6.85,3.18,0.311,0,8.5,32.2,0.42,5,3,Medium,1.0070000000000001,0.9833333333333336,0.5800000000000001,52,12,False,False,False,False,False,True,1
V015,Village_15,16.38182,74.66563,10492,2024-01-07,6.19,1.51,0.356,0,8.4,32.1,0.43,0,8,High,0.795,0.9746666666666668,0.5700000000000001,1,1,True,False,False,False,False,True,2
V015,Village_15,16.38182,74.66563,10492,2024-01-14,7.64,1.42,0.187,0,5.7,31.8,0.43,8,6,Medium,0.955,0.9006666666666667,0.5700000000000001,2,1,True,False,False,True,False,False,1
V015,Village_15,16.38182,74.66563,10492,2024-01-21,6.61,2.96,0.272,0,3.5,35.5,0.43,6,10,High,1.024,1.1033333333333335,0.5700000000000001,3,1,True,False,False,False,True,False,2
V015,Village_15,16.38182,74.66563,10492,2024-01-28,7.08,1.35,0.312,0,6.3,27.7,0.43,10,16,High,0.823,0.6393333333333333,0.5700000000000001,4,1,True,False,False,False,False,False,2
V015,Village_15,16.38182,74.66563,10492,2024-02-04,7.0,4.11,0.205,0,13.9,29.4,0.43,16,10,High,1.206,0.9046666666666666,0.5700000000000001,5,2,True,False,False,False,False,True,2
V015,Village_15,16.38182,74.66563,10492,2024-02-11,7.52,5.27,0.0,1,7.2,31.8,0.43,10,23,High,2.527,0.9306666666666668,0.5700000000000001,6,2,True,False,False,True,False,False,2
V015,Village_15,16.38182,74.66563,10492,2024-02-18,6.79,5.54,0.426,0,3.4,26.5,0.43,23,14,High,1.1280000000000001,0.5013333333333334,0.5700000000000001,7,2,True,False,False,False,False,True,2
V015,Village_15,16.38182,74.66563,10492,2024-02-25,7.55,0.76,0.403,0,5.7,31.4,0.43,14,16,High,0.6729999999999999,0.8739999999999999,0.5700000000000001,8,2,True,False,False,False,False,True,2
V015,Village_15,16.38182,74.66563,10492,2024-03-03,6.81,8.22,0.466,0,22.2,29.0,0.43,16,18,High,1.356,1.044,0.5700000000000001,9,3,True,False,False,True,False,False,2
V015,Village_15,16.38182,74.66563,10492,2024-03-10,7.44,3.92,0.31,0,16.2,29.4,0.43,18,4,Medium,1.0819999999999999,0.9506666666666665,0.5700000000000001,10,3,True,False,False,True,False,False,1
V015,Village_15,16.38182,74.66563,10492,2024-03-17,7.07,0.79,0.151,0,2.5,27.9,0.43,4,8,High,0.9279999999999999,0.5766666666666667,0.5700000000000001,11,3,True,False,False,False,False,True,2
V015,Village_15,16.38182,74.66563,10492,2024-03-24,6.98,1.04,0.354,0,4.9,30.7,0.43,8,4,Medium,0.75,0.8113333333333332,0.5700000000000001,12,3,True,False,False,False,False,False,1
V015,Village_15,16.38182,74.66563,10492,2024-03-31,7.12,0.82,0.406,0,6.3,31.2,0.43,4,8,High,0.6759999999999999,0.8726666666666666,0.5700000000000001,13,3,True,False,False,False,False,True,2
V015,Village_15,16.38182,74.66563,10492,2024-04-07,7.2,3.54,0.379,0,18.5,30.3,0.43,8,6,Medium,0.975,1.0566666666666666,0.5700000000000001,14,4,True,False,False,False,False,False,1
V015,Village_15,16.38182,74.66563,10492,2024-04-14,7.36,1.4,0.435,0,4.5,35.4,0.43,6,8,High,0.705,1.1166666666666667,0.5700000000000001,15,4,True,False,False,True,False,False,2
V015,Village_15,16.38182,74.66563,10492,2024-04-21,6.68,1.19,0.275,0,18.2,28.7,0.43,8,8,High,0.844,0.944,0.5700000000000001,16,4,True,False,False,True,False,False,2
V015,Village_15,16.38182,74.66563,10492,2024-04-28,6.57,1.41,0.313,0,6.8,29.2,0.43,8,10,High,0.8280000000000001,0.7493333333333333,0.5700000000000001,17,4,True,False,False,False,True,False,2
V015,Village_15,16.38182,74.66563,10492,2024-05-05,7.48,1.43,0.154,0,12.6,32.7,0.43,10,8,High,0.989,1.098666666666667,0.5700000000000001,18,5,True,False,False,False,False,False,2
V015,Village_15,16.38182,74.66563,10492,2024-05-12,8.09,1.38,0.259,0,12.3,25.9,0.43,8,10,High,0.879,0.6393333333333333,0.5700000000000001,19,5,True,False,False,False,True,False,2
V015,Village_15,16.38182,74.66563,10492,2024-05-19,7.12,1.29,0.277,0,10.3,28.9,0.43,10,12,High,0.852,0.7993333333333332,0.5700000000000001,20,5,True,False,False,False,False,True,2
V015,Village_15,16.38182,74.66563,10492,2024-05-26,7.15,3.1,0.267,0,12.7,30.7,0.43,12,25,High,1.043,0.9673333333333333,0.5700000000000001,21,5,True,False,False,False,True,False,2
V015,Village_15,16.38182,74.66563,10492,2024-06-02,6.83,0.07,0.232,0,18.3,25.6,0.43,25,4,Medium,0.775,0.7393333333333334,0.5700000000000001,22,6,True,False,False,False,False,False,1
V015,Village_15,16.38182,74.66563,10492,2024-06-09,6.84,7.36,0.0,1,15.2,27.0,0.43,4,27,High,2.7359999999999998,0.7706666666666666,0.5700000000000001,23,6,True,False,False,True,False,False,2
V015,Village_15,16.38182,74.66563,10492,2024-06-16,7.14,2.29,0.21,0,28.2,25.4,0.43,27,23,High,1.0190000000000001,0.9239999999999999,0.5700000000000001,24,6,True,False,False,False,False,True,2
V015,Village_15,16.38182,74.66563,10492,2024-06-23,6.85,7.82,0.331,0,24.5,24.8,0.43,23,18,High,1.451,0.81,0.5700000000000001,25,6,True,False,False,False,True,False,2
V015,Village_15,16.38182,74.66563,10492,2024-06-30,7.37,3.61,0.105,0,9.1,23.5,0.43,18,18,High,1.256,0.41533333333333333,0.5700000000000001,26,6,True,False,False,False,False,False,2
V015,Village_15,16.38182,74.66563,10492,2024-07-07,7.05,2.07,0.0,0,45.7,23.5,0.43,18,18,High,1.207,1.1473333333333333,0.5700000000000001,27,7,True,False,False,False,False,False,2
V015,Village_15,16.38182,74.66563,10492,2024-07-14,6.97,7.15,0.109,1,23.0,28.7,0.43,18,18,High,2.606,1.04,0.5700000000000001,28,7,True,False,False,False,True,False,2
V015,Village_15,16.38182,74.66563,10492,2024-07-21,6.95,8.66,0.077,1,53.1,22.1,0.43,18,31,High,2.789,1.2020000000000002,0.5700000000000001,29,7,True,False,False,False,False,False,2
V015,Village_15,16.38182,74.66563,10492,2024-07-28,6.73,7.81,0.067,1,42.3,24.4,0.43,31,18,High,2.714,1.139333333333333,0.5700000000000001,30,7,True,False,False,False,False,False,2
V015,Village_15,16.38182,74.66563,10492,2024-08-04,7.16,4.8,0.192,0,64.3,20.4,0.43,18,10,High,1.288,1.3126666666666666,0.5700000000000001,31,8,True,False,False,True,False,False,2
V015,Village_15,16.38182,74.66563,10492,2024-08-11,6.54,8.67,0.204,0,69.6,28.1,0.43,10,18,High,1.663,1.932,0.5700000000000001,32,8,True,False,False,True,False,False,2
V015,Village_15,16.38182,74.66563,10492,2024-08-18,7.24,4.03,0.282,0,44.0,28.5,0.43,18,6,Medium,1.121,1.4466666666666668,0.5700000000000001,33,8,True,False,False,False,False,True,1
V015,Village_15,16.38182,74.66563,10492,2024-08-25,6.72,9.35,0.137,1,26.7,32.0,0.43,6,16,High,2.798,1.334,0.5700000000000001,34,8,True,False,False,False,False,False,2
V015,Village_15,16.38182,74.66563,10492,2024-09-01,6.77,9.68,0.367,0,45.9,21.7,0.43,16,14,High,1.601,1.0313333333333332,0.5700000000000001,35,9,True,False,False,False,False,True,2
V015,Village_15,16.38182,74.66563,10492,2024-09-08,7.46,2.85,0.129,0,18.1,31.4,0.43,14,10,High,1.1560000000000001,1.1219999999999999,0.5700000000000001,36,9,True,False,False,False,True,False,2
V015,Village_15,16.38182,74.66563,10492,2024-09-15,7.14,1.08,0.423,0,16.9,29.6,0.43,10,10,High,0.6849999999999999,0.9780000000000001,0.5700000000000001,37,9,True,False,False,True,False,False,2
V015,Village_15,16.38182,74.66563,10492,2024-09-22,7.49,1.55,0.346,0,7.0,31.3,0.43,10,10,High,0.809,0.8933333333333334,0.5700000000000001,38,9,True,False,False,False,False,True,2
V015,Village_15,16.38182,74.66563,10492,2024-09-29,6.93,2.7,0.215,0,4.6,25.3,0.43,10,12,High,1.0550000000000002,0.44533333333333336,0.5700000000000001,39,9,True,False,False,False,False,True,2
V015,Village_15,16.38182,74.66563,10492,2024-10-06,6.37,1.56,0.418,0,3.6,28.4,0.43,12,6,Medium,0.7380000000000001,0.6319999999999999,0.5700000000000001,40,10,True,False,False,True,False,False,1
V015,Village_15,16.38182,74.66563,10492,2024-10-13,7.4,0.16,0.427,0,5.2,28.3,0.43,6,4,Medium,0.589,0.6573333333333333,0.5700000000000001,41,10,True,False,False,False,True,False,1
V015,Village_15,16.38182,74.66563,10492,2024-10-20,7.2,4.5,0.3,0,13.7,29.8,0.43,4,4,Medium,1.15,0.9273333333333333,0.5700000000000001,42,10,True,False,False,False,False,False,1
V015,Village_15,16.38182,74.66563,10492,2024-10-27,6.65,3.06,0.166,0,7.7,32.7,0.43,4,10,High,1.14,1.0006666666666668,0.5700000000000001,43,10,True,False,False,True,False,False,2
V015,Village_15,16.38182,74.66563,10492,2024-11-03,6.82,0.14,0.366,0,23.7,28.1,0.43,10,10,High,0.648,1.0140000000000002,0.5700000000000001,44,11,True,False,False,False,False,False,2
V015,Village_15,16.38182,74.66563,10492,2024-11-10,7.57,4.29,0.368,0,5.3,32.1,0.43,10,16,High,1.061,0.9126666666666667,0.5700000000000001,45,11,True,False,False,False,False,True,2
V015,Village_15,16.38182,74.66563,10492,2024-11-17,7.1,1.28,0.178,0,7.6,31.4,0.43,16,18,High,0.9500000000000001,0.9119999999999999,0.5700000000000001,46,11,True,False,False,True,False,False,2
V015,Village_15,16.38182,74.66563,10492,2024-11-24,6.99,1.02,0.399,0,1.2,28.0,0.43,18,14,High,0.703,0.5573333333333333,0.5700000000000001,47,11,True,False,False,False,False,False,2
V015,Village_15,16.38182,74.66563,10492,2024-12-01,6.28,0.81,0.219,0,5.6,26.7,0.43,14,12,High,0.862,0.5586666666666666,0.5700000000000001,48,12,True,False,False,False,False,True,2
V015,Village_15,16.38182,74.66563,10492,2024-12-08,7.26,2.43,0.193,0,6.3,31.3,0.43,12,4,Medium,1.05,0.8793333333333334,0.5700000000000001,49,12,True,False,False,False,False,True,1
V015,Village_15,16.38182,74.66563,10492,2024-12-15,7.25,2.91,0.202,0,10.6,32.7,0.43,4,10,High,1.089,1.0586666666666669,0.5700000000000001,50,12,True,False,False,False,True,False,2
V015,Village_15,16.38182,74.66563,10492,2024-12-22,7.24,0.99,0.183,0,10.0,26.7,0.43,10,10,High,0.9159999999999999,0.6466666666666666,0.5700000000000001,51,12,True,False,False,False,False,False,2
V015,Village_15,16.38182,74.66563,10492,2024-12-29,7.1,1.48,0.179,0,4.2,31.0,0.43,10,8,High,0.969,0.8173333333333332,0.5700000000000001,52,12,True,False,False,False,False,True,2
V016,Village_16,16.3834,74.5084,7673,2024-01-07,7.23,0.51,0.279,0,6.8,38.3,0.71,0,4,Medium,0.772,1.3559999999999999,0.29000000000000004,1,1,True,False,False,False,False,True,1
V016,Village_16,16.3834,74.5084,7673,2024-01-14,6.33,3.0,0.327,0,6.4,34.7,0.71,4,4,Medium,0.9730000000000001,1.108,0.29000000000000004,2,1,True,False,False,True,False,False,1
V016,Village_16,16.3834,74.5084,7673,2024-01-21,6.98,5.13,0.337,0,11.9,31.0,0.71,4,9,High,1.1760000000000002,0.9713333333333333,0.29000000000000004,3,1,True,False,False,False,False,False,2
V016,Village_16,16.3834,74.5084,7673,2024-01-28,6.42,1.12,0.195,0,8.8,29.6,0.71,9,7,High,0.9169999999999999,0.8160000000000002,0.29000000000000004,4,1,True,False,False,False,True,False,2
V016,Village_16,16.3834,74.5084,7673,2024-02-04,6.68,3.36,0.263,0,7.3,30.0,0.71,7,15,High,1.073,0.8126666666666666,0.29000000000000004,5,2,True,False,False,True,False,False,2
V016,Village_16,16.3834,74.5084,7673,2024-02-11,7.34,1.66,0.342,0,4.6,25.6,0.71,15,4,Medium,0.8239999999999998,0.4653333333333334,0.29000000000000004,6,2,True,False,False,False,False,False,1
V016,Village_16,16.3834,74.5084,7673,2024-02-18,6.74,2.13,0.285,0,8.2,30.8,0.71,4,4,Medium,0.928,0.8840000000000001,0.29000000000000004,7,2,True,False,False,False,False,False,1
V016,Village_16,16.3834,74.5084,7673,2024-02-25,7.53,2.88,0.305,0,5.9,29.3,0.71,4,0,Low,0.9830000000000001,0.738,0.29000000000000004,8,2,True,False,False,False,False,True,0
V016,Village_16,16.3834,74.5084,7673,2024-03-03,7.02,1.44,0.382,0,9.8,26.8,0.71,0,1,Low,0.762,0.6493333333333333,0.29000000000000004,9,3,True,False,False,False,False,True,0
V016,Village_16,16.3834,74.5084,7673,2024-03-10,6.97,2.47,0.395,0,2.1,32.5,0.71,1,1,Low,0.852,0.8753333333333334,0.29000000000000004,10,3,True,False,False,False,False,False,0
V016,Village_16,16.3834,74.5084,7673,2024-03-17,7.72,1.79,0.266,0,4.4,28.4,0.71,1,1,Low,0.913,0.6479999999999999,0.29000000000000004,11,3,True,False,False,True,False,False,0
V016,Village_16,16.3834,74.5084,7673,2024-03-24,6.85,5.06,0.433,0,12.4,34.5,0.71,1,6,Medium,1.073,1.2146666666666666,0.29000000000000004,12,3,True,False,False,False,False,False,1
V016,Village_16,16.3834,74.5084,7673,2024-03-31,7.56,4.14,0.441,0,14.1,34.7,0.71,6,9,High,0.9729999999999999,1.2620000000000002,0.29000000000000004,13,3,True,False,False,False,False,False,2
V016,Village_16,16.3834,74.5084,7673,2024-04-07,7.01,11.39,0.175,1,9.2,29.0,0.71,9,18,High,2.964,0.784,0.29000000000000004,14,4,True,False,False,False,False,False,2
V016,Village_16,16.3834,74.5084,7673,2024-04-14,6.77,1.04,0.287,0,8.4,32.6,0.71,18,7,High,0.8170000000000001,1.008,0.29000000000000004,15,4,True,False,False,False,True,False,2
V016,Village_16,16.3834,74.5084,7673,2024-04-21,6.87,2.24,0.27,0,21.0,32.0,0.71,7,6,Medium,0.954,1.22,0.29000000000000004,16,4,True,False,False,False,False,True,1
V016,Village_16,16.3834,74.5084,7673,2024-04-28,7.28,1.17,0.201,0,8.9,26.9,0.71,6,4,Medium,0.9159999999999999,0.6379999999999999,0.29000000000000004,17,4,True,False,False,False,False,True,1
V016,Village_16,16.3834,74.5084,7673,2024-05-05,6.6,1.48,0.399,0,5.5,28.9,0.71,4,7,High,0.749,0.7033333333333333,0.29000000000000004,18,5,True,False,False,False,False,True,2
V016,Village_16,16.3834,74.5084,7673,2024-05-12,6.28,0.66,0.261,0,10.6,27.0,0.71,7,9,High,0.8049999999999999,0.6786666666666666,0.29000000000000004,19,5,True,False,False,True,False,False,2
V016,Village_16,16.3834,74.5084,7673,2024-05-19,6.46,2.17,0.349,0,4.9,29.7,0.71,9,1,Low,0.868,0.7446666666666666,0.29000000000000004,20,5,True,False,False,False,False,False,0
V016,Village_16,16.3834,74.5084,7673,2024-05-26,6.76,0.95,0.382,0,3.3,33.0,0.71,1,6,Medium,0.713,0.9326666666666668,0.29000000000000004,21,5,True,False,False,True,False,False,1
V016,Village_16,16.3834,74.5084,7673,2024-06-02,6.83,2.99,0.24,0,17.4,35.4,0.71,6,6,Medium,1.0590000000000002,1.3746666666666667,0.29000000000000004,22,6,True,False,False,False,True,False,1
V016,Village_16,16.3834,74.5084,7673,2024-06-09,7.25,2.2,0.104,0,36.1,24.4,0.71,6,4,Medium,1.116,1.0153333333333332,0.29000000000000004,23,6,True,False,False,False,False,False,1
V016,Village_16,16.3834,74.5084,7673,2024-06-16,6.8,6.69,0.151,1,86.5,22.6,0.71,4,21,High,2.518,1.9033333333333333,0.29000000000000004,24,6,True,False,False,False,False,True,2
V016,Village_16,16.3834,74.5084,7673,2024-06-23,6.37,1.83,0.193,0,10.1,23.9,0.71,21,1,Low,0.99,0.46199999999999986,0.29000000000000004,25,6,True,False,False,True,False,False,0
V016,Village_16,16.3834,74.5084,7673,2024-06-30,8.15,6.56,0.254,0,21.5,30.6,0.71,1,3,Medium,1.402,1.1366666666666667,0.29000000000000004,26,6,True,False,False,True,False,False,1
V016,Village_16,16.3834,74.5084,7673,2024-07-07,6.88,9.88,0.196,1,21.2,25.3,0.71,3,13,High,2.7920000000000003,0.7773333333333334,0.29000000000000004,27,7,True,False,False,False,False,False,2
V016,Village_16,16.3834,74.5084,7673,2024-07-14,6.78,6.78,0.095,1,33.2,29.5,0.71,13,15,High,2.583,1.2973333333333334,0.29000000000000004,28,7,True,False,False,False,False,True,2
V016,Village_16,16.3834,74.5084,7673,2024-07-21,7.81,7.51,0.139,1,6.7,23.2,0.71,15,16,High,2.612,0.34733333333333327,0.29000000000000004,29,7,True,False,False,False,False,False,2
V016,Village_16,16.3834,74.5084,7673,2024-07-28,7.05,5.01,0.147,1,20.9,26.5,0.71,16,10,High,2.354,0.8513333333333333,0.29000000000000004,30,7,True,False,False,False,False,True,2
V016,Village_16,16.3834,74.5084,7673,2024-08-04,7.41,3.51,0.039,0,11.8,25.2,0.71,10,13,High,1.3119999999999998,0.5826666666666667,0.29000000000000004,31,8,True,False,False,False,False,True,2
V016,Village_16,16.3834,74.5084,7673,2024-08-11,7.31,2.48,0.187,0,7.4,24.0,0.71,13,9,High,1.061,0.4146666666666667,0.29000000000000004,32,8,True,False,False,False,False,True,2
V016,Village_16,16.3834,74.5084,7673,2024-08-18,7.39,3.26,0.274,0,3.3,22.9,0.71,9,9,High,1.052,0.25933333333333325,0.29000000000000004,33,8,True,False,False,False,False,False,2
V016,Village_16,16.3834,74.5084,7673,2024-08-25,6.76,4.42,0.121,0,25.3,20.3,0.71,9,7,High,1.321,0.526,0.29000000000000004,34,8,True,False,False,False,False,False,2
V016,Village_16,16.3834,74.5084,7673,2024-09-01,7.75,7.53,0.295,0,34.0,25.0,0.71,7,12,High,1.4580000000000002,1.0133333333333334,0.29000000000000004,35,9,True,False,False,False,True,False,2
V016,Village_16,16.3834,74.5084,7673,2024-09-08,7.25,12.23,0.243,0,41.0,26.2,0.71,12,16,High,1.98,1.2333333333333332,0.29000000000000004,36,9,True,False,False,False,True,False,2
V016,Village_16,16.3834,74.5084,7673,2024-09-15,7.36,0.66,0.218,0,1.7,32.9,0.71,16,6,Medium,0.8480000000000001,0.8939999999999999,0.29000000000000004,37,9,True,False,False,False,False,False,1
V016,Village_16,16.3834,74.5084,7673,2024-09-22,7.17,2.9,0.465,1,5.0,27.8,0.71,6,4,Medium,1.825,0.62,0.29000000000000004,38,9,True,False,False,False,False,False,1
V016,Village_16,16.3834,74.5084,7673,2024-09-29,7.06,3.15,0.268,1,6.5,26.0,0.71,4,6,Medium,2.0469999999999997,0.53,0.29000000000000004,39,9,True,False,False,True,False,False,1
V016,Village_16,16.3834,74.5084,7673,2024-10-06,7.0,4.08,0.229,0,11.4,29.2,0.71,6,3,Medium,1.179,0.8413333333333333,0.29000000000000004,40,10,True,False,False,False,True,False,1
V016,Village_16,16.3834,74.5084,7673,2024-10-13,7.23,0.6,0.224,0,8.2,30.8,0.71,3,6,Medium,0.8360000000000001,0.8840000000000001,0.29000000000000004,41,10,True,False,False,False,False,False,1
V016,Village_16,16.3834,74.5084,7673,2024-10-20,7.21,0.57,0.367,0,10.2,32.3,0.71,6,4,Medium,0.69,1.0239999999999998,0.29000000000000004,42,10,True,False,False,True,False,False,1
V016,Village_16,16.3834,74.5084,7673,2024-10-27,7.18,6.93,0.409,0,5.1,31.3,0.71,4,7,High,1.2839999999999998,0.8553333333333334,0.29000000000000004,43,10,True,False,False,False,True,False,2
V016,Village_16,16.3834,74.5084,7673,2024-11-03,6.86,2.19,0.378,0,9.1,27.2,0.71,7,3,Medium,0.841,0.6619999999999999,0.29000000000000004,44,11,True,False,False,False,True,False,1
V016,Village_16,16.3834,74.5084,7673,2024-11-10,6.33,1.19,0.422,0,2.8,27.3,0.71,3,3,Medium,0.6970000000000001,0.5426666666666666,0.29000000000000004,45,11,True,False,False,True,False,False,1
V016,Village_16,16.3834,74.5084,7673,2024-11-17,7.37,1.59,0.25,0,13.5,30.2,0.71,3,3,Medium,0.909,0.95,0.29000000000000004,46,11,True,False,False,True,False,False,1
V016,Village_16,16.3834,74.5084,7673,2024-11-24,6.84,1.9,0.174,0,2.5,30.6,0.71,3,6,Medium,1.016,0.7566666666666668,0.29000000000000004,47,11,True,False,False,False,False,False,1
V016,Village_16,16.3834,74.5084,7673,2024-12-01,6.73,1.19,0.432,0,3.0,24.3,0.71,6,6,Medium,0.687,0.34666666666666673,0.29000000000000004,48,12,True,False,False,False,False,True,1
V016,Village_16,16.3834,74.5084,7673,2024-12-08,6.5,2.2,0.325,0,5.5,27.2,0.71,6,4,Medium,0.895,0.59,0.29000000000000004,49,12,True,False,False,True,False,False,1
V016,Village_16,16.3834,74.5084,7673,2024-12-15,6.29,4.27,0.247,0,12.5,27.0,0.71,4,1,Low,1.18,0.7166666666666667,0.29000000000000004,50,12,True,False,False,False,True,False,0
V016,Village_16,16.3834,74.5084,7673,2024-12-22,6.93,1.01,0.387,0,7.4,31.7,0.71,1,4,Medium,0.714,0.9279999999999999,0.29000000000000004,51,12,True,False,False,False,True,False,1
V016,Village_16,16.3834,74.5084,7673,2024-12-29,6.75,5.02,0.313,0,5.9,30.5,0.71,4,9,High,1.189,0.818,0.29000000000000004,52,12,True,False,False,True,False,False,2
V017,Village_17,16.50424,74.00461,6475,2024-01-07,6.83,2.03,0.163,0,5.4,24.4,0.65,0,2,Low,1.04,0.4013333333333332,0.35,1,1,False,False,False,False,True,False,0
V017,Village_17,16.50424,74.00461,6475,2024-01-14,7.07,1.13,0.212,0,13.7,31.4,0.65,2,7,High,0.901,1.0339999999999998,0.35,2,1,False,False,False,True,False,False,2
V017,Village_17,16.50424,74.00461,6475,2024-01-21,7.38,1.94,0.25,0,4.7,28.6,0.65,7,3,Medium,0.944,0.6673333333333334,0.35,3,1,False,False,False,False,True,False,1
V017,Village_17,16.50424,74.00461,6475,2024-01-28,6.82,0.37,0.384,0,9.4,31.6,0.65,3,1,Low,0.653,0.9613333333333334,0.35,4,1,False,False,False,False,False,True,0
V017,Village_17,16.50424,74.00461,6475,2024-02-04,6.6,4.12,0.394,0,9.5,30.6,0.65,1,9,High,1.018,0.8966666666666667,0.35,5,2,False,False,False,True,False,False,2
V017,Village_17,16.50424,74.00461,6475,2024-02-11,6.67,1.49,0.201,0,4.4,26.1,0.65,9,6,Medium,0.948,0.4946666666666668,0.35,6,2,False,False,False,True,False,False,1
V017,Village_17,16.50424,74.00461,6475,2024-02-18,7.16,6.63,0.339,0,18.5,32.2,0.65,6,6,Medium,1.324,1.1833333333333336,0.35,7,2,False,False,False,False,False,True,1
V017,Village_17,16.50424,74.00461,6475,2024-02-25,7.07,1.88,0.244,0,9.8,32.0,0.65,6,5,Medium,0.944,0.996,0.35,8,2,False,False,False,False,True,False,1
V017,Village_17,16.50424,74.00461,6475,2024-03-03,6.22,5.46,0.433,0,7.7,25.6,0.65,5,2,Low,1.113,0.5273333333333334,0.35,9,3,False,False,False,False,True,False,0
V017,Village_17,16.50424,74.00461,6475,2024-03-10,7.38,0.78,0.185,0,7.3,29.5,0.65,2,2,Low,0.8929999999999999,0.7793333333333333,0.35,10,3,False,False,False,False,False,True,0
V017,Village_17,16.50424,74.00461,6475,2024-03-17,7.62,2.16,0.103,0,0.9,29.8,0.65,2,5,Medium,1.113,0.6713333333333334,0.35,11,3,False,False,False,False,False,False,1
V017,Village_17,16.50424,74.00461,6475,2024-03-24,6.54,2.84,0.442,0,4.3,24.6,0.65,5,2,Low,0.8420000000000001,0.3926666666666667,0.35,12,3,False,False,False,True,False,False,0
V017,Village_17,16.50424,74.00461,6475,2024-03-31,6.56,0.59,0.154,0,2.6,27.4,0.65,2,7,High,0.905,0.5453333333333332,0.35,13,3,False,False,False,False,True,False,2
V017,Village_17,16.50424,74.00461,6475,2024-04-07,6.18,1.35,0.337,0,8.9,31.4,0.65,7,5,Medium,0.798,0.938,0.35,14,4,False,False,False,False,False,True,1
V017,Village_17,16.50424,74.00461,6475,2024-04-14,6.56,0.7,0.228,1,2.4,31.3,0.65,5,11,High,1.842,0.8013333333333335,0.35,15,4,False,False,False,False,False,True,2
V017,Village_17,16.50424,74.00461,6475,2024-04-21,6.22,2.14,0.478,0,15.1,31.7,0.65,11,9,High,0.736,1.0819999999999999,0.35,16,4,False,False,False,False,False,False,2
V017,Village_17,16.50424,74.00461,6475,2024-04-28,6.96,2.57,0.346,0,5.5,29.5,0.65,9,5,Medium,0.911,0.7433333333333333,0.35,17,4,False,False,False,False,False,True,1
V017,Village_17,16.50424,74.00461,6475,2024-05-05,7.96,5.05,0.279,0,10.6,34.0,0.65,5,1,Low,1.226,1.1453333333333333,0.35,18,5,False,False,False,False,False,True,0
V017,Village_17,16.50424,74.00461,6475,2024-05-12,7.72,0.73,0.393,0,6.1,28.5,0.65,1,0,Low,0.6799999999999999,0.6886666666666666,0.35,19,5,False,False,False,False,True,False,0
V017,Village_17,16.50424,74.00461,6475,2024-05-19,7.08,2.12,0.056,0,8.1,24.3,0.65,0,1,Low,1.156,0.44866666666666677,0.35,20,5,False,False,False,False,False,True,0
V017,Village_17,16.50424,74.00461,6475,2024-05-26,7.13,1.73,0.496,0,13.4,30.4,0.65,1,6,Medium,0.677,0.9613333333333333,0.35,21,5,False,False,False,True,False,False,1
V017,Village_17,16.50424,74.00461,6475,2024-06-02,6.79,2.33,0.343,0,16.4,28.6,0.65,6,11,High,0.89,0.9013333333333334,0.35,22,6,False,False,False,False,False,True,2
V017,Village_17,16.50424,74.00461,6475,2024-06-09,6.37,4.77,0.09,0,25.1,28.3,0.65,11,7,High,1.387,1.0553333333333335,0.35,23,6,False,False,False,False,False,True,2
V017,Village_17,16.50424,74.00461,6475,2024-06-16,6.43,6.26,0.124,0,24.6,26.4,0.65,7,7,High,1.502,0.9186666666666666,0.35,24,6,False,False,False,False,False,True,2
V017,Village_17,16.50424,74.00461,6475,2024-06-23,7.25,2.64,0.094,0,13.6,25.1,0.65,7,3,Medium,1.17,0.6120000000000001,0.35,25,6,False,False,False,True,False,False,1
V017,Village_17,16.50424,74.00461,6475,2024-06-30,7.62,4.36,0.0,0,65.1,20.7,0.65,3,10,High,1.436,1.3486666666666665,0.35,26,6,False,False,False,True,False,False,2
V017,Village_17,16.50424,74.00461,6475,2024-07-07,6.41,9.96,0.106,1,13.3,23.7,0.65,10,9,High,2.89,0.5126666666666666,0.35,27,7,False,False,False,True,False,False,2
V017,Village_17,16.50424,74.00461,6475,2024-07-14,6.86,1.12,0.198,0,39.4,23.6,0.65,9,5,Medium,0.914,1.028,0.35,28,7,False,False,False,False,False,True,1
V017,Village_17,16.50424,74.00461,6475,2024-07-21,7.44,3.23,0.183,0,40.1,25.9,0.65,5,6,Medium,1.14,1.1953333333333334,0.35,29,7,False,False,False,False,True,False,1
V017,Village_17,16.50424,74.00461,6475,2024-07-28,6.72,1.97,0.24,0,26.9,28.7,0.65,6,10,High,0.9570000000000001,1.1179999999999999,0.35,30,7,False,False,False,True,False,False,2
V017,Village_17,16.50424,74.00461,6475,2024-08-04,6.35,12.35,0.025,1,31.4,32.2,0.65,10,19,High,3.21,1.4413333333333336,0.35,31,8,False,False,False,True,False,False,2
V017,Village_17,16.50424,74.00461,6475,2024-08-11,7.19,4.26,0.138,0,26.9,21.6,0.65,19,15,High,1.288,0.6446666666666667,0.35,32,8,False,False,False,False,True,False,2
V017,Village_17,16.50424,74.00461,6475,2024-08-18,7.09,1.87,0.14,0,57.8,27.3,0.65,15,12,High,1.047,1.6426666666666665,0.35,33,8,False,False,False,True,False,False,2
V017,Village_17,16.50424,74.00461,6475,2024-08-25,6.54,1.94,0.083,0,9.0,22.6,0.65,12,6,Medium,1.111,0.3533333333333334,0.35,34,8,False,False,False,False,True,False,1
V017,Village_17,16.50424,74.00461,6475,2024-09-01,6.92,9.27,0.112,1,18.7,28.1,0.65,6,14,High,2.815,0.9140000000000001,0.35,35,9,False,False,False,False,False,False,2
V017,Village_17,16.50424,74.00461,6475,2024-09-08,6.99,3.78,0.051,1,24.8,23.2,0.65,14,15,High,2.327,0.7093333333333333,0.35,36,9,False,False,False,False,True,False,2
V017,Village_17,16.50424,74.00461,6475,2024-09-15,7.1,0.91,0.252,0,14.5,27.1,0.65,15,5,Medium,0.839,0.7633333333333334,0.35,37,9,False,False,False,True,False,False,1
V017,Village_17,16.50424,74.00461,6475,2024-09-22,7.04,4.21,0.33,0,2.1,31.4,0.65,5,3,Medium,1.091,0.8019999999999999,0.35,38,9,False,False,False,True,False,False,1
V017,Village_17,16.50424,74.00461,6475,2024-09-29,6.32,0.65,0.292,0,4.6,31.0,0.65,3,5,Medium,0.7729999999999999,0.8253333333333333,0.35,39,9,False,False,False,True,False,False,1
V017,Village_17,16.50424,74.00461,6475,2024-10-06,6.61,10.15,0.38,0,7.0,27.9,0.65,5,6,Medium,1.6350000000000002,0.6666666666666666,0.35,40,10,False,False,False,False,True,False,1
V017,Village_17,16.50424,74.00461,6475,2024-10-13,7.04,1.06,0.183,0,5.8,31.2,0.65,6,3,Medium,0.9229999999999999,0.8626666666666666,0.35,41,10,False,False,False,True,False,False,1
V017,Village_17,16.50424,74.00461,6475,2024-10-20,6.68,4.94,0.305,0,3.7,27.3,0.65,3,6,Medium,1.189,0.5606666666666666,0.35,42,10,False,False,False,False,False,True,1
V017,Village_17,16.50424,74.00461,6475,2024-10-27,6.53,1.77,0.431,0,2.2,28.0,0.65,6,5,Medium,0.746,0.5773333333333334,0.35,43,10,False,False,False,False,True,False,1
V017,Village_17,16.50424,74.00461,6475,2024-11-03,7.46,1.94,0.266,0,5.9,26.5,0.65,5,5,Medium,0.9279999999999999,0.5513333333333333,0.35,44,11,False,False,False,False,True,False,1
V017,Village_17,16.50424,74.00461,6475,2024-11-10,7.12,4.45,0.066,0,12.8,31.3,0.65,5,5,Medium,1.379,1.0093333333333334,0.35,45,11,False,False,False,False,True,False,1
V017,Village_17,16.50424,74.00461,6475,2024-11-17,6.88,3.12,0.283,0,18.9,30.5,0.65,5,2,Low,1.0290000000000001,1.0779999999999998,0.35,46,11,False,False,False,False,False,False,0
V017,Village_17,16.50424,74.00461,6475,2024-11-24,7.08,4.44,0.305,0,3.5,31.0,0.65,2,7,High,1.1390000000000002,0.8033333333333332,0.35,47,11,False,False,False,True,False,False,2
V017,Village_17,16.50424,74.00461,6475,2024-12-01,7.18,1.83,0.333,0,15.6,32.4,0.65,7,6,Medium,0.8500000000000001,1.1386666666666665,0.35,48,12,False,False,False,False,False,False,1
V017,Village_17,16.50424,74.00461,6475,2024-12-08,7.04,0.39,0.156,0,11.7,31.7,0.65,6,6,Medium,0.883,1.0139999999999998,0.35,49,12,False,False,False,False,False,True,1
V017,Village_17,16.50424,74.00461,6475,2024-12-15,7.35,6.5,0.349,1,5.0,30.7,0.65,6,10,High,2.301,0.8133333333333332,0.35,50,12,False,False,False,False,False,True,2
V017,Village_17,16.50424,74.00461,6475,2024-12-22,7.3,7.6,0.28,0,21.5,29.4,0.65,10,14,High,1.48,1.0566666666666666,0.35,51,12,False,False,False,False,False,False,2
V017,Village_17,16.50424,74.00461,6475,2024-12-29,6.95,1.35,0.613,0,2.1,30.9,0.65,14,7,High,0.522,0.7686666666666666,0.35,52,12,False,False,False,False,False,True,2
V018,Village_18,16.72476,73.79767,961,2024-01-07,6.59,2.12,0.338,0,2.1,26.7,0.82,0,1,Low,0.8739999999999999,0.4886666666666666,0.18000000000000005,1,1,False,False,False,False,False,True,0
V018,Village_18,16.72476,73.79767,961,2024-01-14,6.46,0.94,0.18,0,17.1,33.4,0.82,1,4,Medium,0.914,1.2353333333333332,0.18000000000000005,2,1,False,False,False,False,True,False,1
V018,Village_18,16.72476,73.79767,961,2024-01-21,6.92,0.49,0.356,0,28.8,30.7,0.82,4,1,Low,0.6930000000000001,1.2893333333333334,0.18000000000000005,3,1,False,False,False,True,False,False,0
V018,Village_18,16.72476,73.79767,961,2024-01-28,6.24,3.61,0.206,0,23.9,27.2,0.82,1,4,Medium,1.155,0.958,0.18000000000000005,4,1,False,False,False,False,False,True,1
V018,Village_18,16.72476,73.79767,961,2024-02-04,7.47,0.32,0.336,0,9.8,31.6,0.82,4,0,Low,0.696,0.9693333333333334,0.18000000000000005,5,2,False,False,False,False,False,True,0
V018,Village_18,16.72476,73.79767,961,2024-02-11,7.38,1.61,0.276,0,5.9,30.3,0.82,0,1,Low,0.885,0.8046666666666668,0.18000000000000005,6,2,False,False,False,False,True,False,0
V018,Village_18,16.72476,73.79767,961,2024-02-18,7.07,0.78,0.411,0,1.5,24.1,0.82,1,1,Low,0.6669999999999999,0.30333333333333345,0.18000000000000005,7,2,False,False,False,False,False,True,0
V018,Village_18,16.72476,73.79767,961,2024-02-25,7.18,3.05,0.297,0,4.8,37.6,0.82,1,2,Low,1.008,1.2693333333333334,0.18000000000000005,8,2,False,False,False,True,False,False,0
V018,Village_18,16.72476,73.79767,961,2024-03-03,5.65,2.45,0.249,0,8.1,32.8,0.82,2,1,Low,0.996,1.0153333333333332,0.18000000000000005,9,3,False,False,False,False,False,True,0
V018,Village_18,16.72476,73.79767,961,2024-03-10,7.02,0.7,0.328,0,4.6,30.2,0.82,1,2,Low,0.7419999999999999,0.7719999999999999,0.18000000000000005,10,3,False,False,False,False,False,True,0
V018,Village_18,16.72476,73.79767,961,2024-03-17,7.31,4.95,0.295,0,2.3,35.6,0.82,2,1,Low,1.2000000000000002,1.086,0.18000000000000005,11,3,False,False,False,True,False,False,0
V018,Village_18,16.72476,73.79767,961,2024-03-24,7.03,0.9,0.187,0,12.7,27.4,0.82,1,2,Low,0.9029999999999999,0.7473333333333332,0.18000000000000005,12,3,False,False,False,False,True,False,0
V018,Village_18,16.72476,73.79767,961,2024-03-31,6.62,1.62,0.301,0,31.1,36.5,0.82,2,2,Low,0.8610000000000001,1.722,0.18000000000000005,13,3,False,False,False,True,False,False,0
V018,Village_18,16.72476,73.79767,961,2024-04-07,7.21,1.67,0.203,0,10.7,28.9,0.82,2,1,Low,0.964,0.8073333333333332,0.18000000000000005,14,4,False,False,False,False,True,False,0
V018,Village_18,16.72476,73.79767,961,2024-04-14,7.51,1.8,0.22,0,7.8,29.7,0.82,1,1,Low,0.96,0.8026666666666666,0.18000000000000005,15,4,False,False,False,True,False,False,0
V018,Village_18,16.72476,73.79767,961,2024-04-21,7.44,1.24,0.407,0,6.1,34.0,0.82,1,3,Medium,0.717,1.0553333333333335,0.18000000000000005,16,4,False,False,False,True,False,False,1
V018,Village_18,16.72476,73.79767,961,2024-04-28,7.28,2.64,0.349,0,21.7,28.5,0.82,3,1,Low,0.915,1.0006666666666666,0.18000000000000005,17,4,False,False,False,False,False,False,0
V018,Village_18,16.72476,73.79767,961,2024-05-05,7.0,0.81,0.398,0,11.5,29.4,0.82,1,0,Low,0.6829999999999999,0.8566666666666666,0.18000000000000005,18,5,False,False,False,False,False,True,0
V018,Village_18,16.72476,73.79767,961,2024-05-12,7.47,5.26,0.267,0,4.3,25.9,0.82,0,1,Low,1.259,0.4793333333333333,0.18000000000000005,19,5,False,False,False,False,False,True,0
V018,Village_18,16.72476,73.79767,961,2024-05-19,7.05,3.57,0.31,0,21.3,33.7,0.82,1,2,Low,1.047,1.3393333333333335,0.18000000000000005,20,5,False,False,False,False,False,True,0
V018,Village_18,16.72476,73.79767,961,2024-05-26,6.66,0.89,0.267,0,5.5,26.6,0.82,2,1,Low,0.822,0.5500000000000002,0.18000000000000005,21,5,False,False,False,False,False,False,0
V018,Village_18,16.72476,73.79767,961,2024-06-02,6.68,4.39,0.386,0,1.9,31.1,0.82,1,4,Medium,1.053,0.7780000000000001,0.18000000000000005,22,6,False,False,False,False,False,False,1
V018,Village_18,16.72476,73.79767,961,2024-06-09,6.48,6.48,0.184,1,4.6,28.1,0.82,4,2,Low,2.464,0.6320000000000001,0.18000000000000005,23,6,False,False,False,True,False,False,0
V018,Village_18,16.72476,73.79767,961,2024-06-16,7.4,5.17,0.014,1,63.7,26.6,0.82,2,3,Medium,2.503,1.7140000000000002,0.18000000000000005,24,6,False,False,False,False,False,True,1
V018,Village_18,16.72476,73.79767,961,2024-06-23,7.29,7.43,0.017,1,62.5,26.8,0.82,3,3,Medium,2.726,1.7033333333333334,0.18000000000000005,25,6,False,False,False,False,False,True,1
V018,Village_18,16.72476,73.79767,961,2024-06-30,6.19,4.72,0.094,0,63.9,21.9,0.82,3,4,Medium,1.3780000000000001,1.4046666666666665,0.18000000000000005,26,6,False,False,False,False,False,True,1
V018,Village_18,16.72476,73.79767,961,2024-07-07,6.96,4.97,0.248,0,17.0,29.1,0.82,4,2,Low,1.249,0.9466666666666668,0.18000000000000005,27,7,False,False,False,True,False,False,0
V018,Village_18,16.72476,73.79767,961,2024-07-14,6.86,6.54,0.252,0,15.7,25.5,0.82,2,3,Medium,1.4020000000000001,0.6806666666666666,0.18000000000000005,28,7,False,False,False,False,True,False,1
V018,Village_18,16.72476,73.79767,961,2024-07-21,6.96,4.23,0.101,0,27.7,25.9,0.82,3,1,Low,1.322,0.9473333333333331,0.18000000000000005,29,7,False,False,False,False,False,True,0
V018,Village_18,16.72476,73.79767,961,2024-07-28,7.33,6.53,0.164,1,39.3,21.9,0.82,1,2,Low,2.489,0.9126666666666665,0.18000000000000005,30,7,False,False,False,False,False,False,0
V018,Village_18,16.72476,73.79767,961,2024-08-04,6.86,5.73,0.127,1,44.6,27.8,0.82,2,2,Low,2.446,1.412,0.18000000000000005,31,8,False,False,False,False,False,True,0
V018,Village_18,16.72476,73.79767,961,2024-08-11,7.75,7.46,0.0,1,10.5,21.6,0.82,2,4,Medium,2.746,0.31666666666666676,0.18000000000000005,32,8,False,False,False,False,False,False,1
V018,Village_18,16.72476,73.79767,961,2024-08-18,6.59,6.62,0.0,1,19.3,22.3,0.82,4,5,Medium,2.662,0.5393333333333334,0.18000000000000005,33,8,False,False,False,False,False,True,1
V018,Village_18,16.72476,73.79767,961,2024-08-25,7.53,0.92,0.261,0,55.5,25.6,0.82,5,3,Medium,0.831,1.4833333333333334,0.18000000000000005,34,8,False,False,False,False,False,False,1
V018,Village_18,16.72476,73.79767,961,2024-09-01,6.99,5.27,0.091,1,9.0,22.6,0.82,3,4,Medium,2.436,0.3533333333333334,0.18000000000000005,35,9,False,False,False,False,False,True,1
V018,Village_18,16.72476,73.79767,961,2024-09-08,6.88,4.22,0.054,0,54.5,29.9,0.82,4,6,Medium,1.3679999999999999,1.75,0.18000000000000005,36,9,False,False,False,False,False,False,1
V018,Village_18,16.72476,73.79767,961,2024-09-15,7.31,1.25,0.269,0,4.0,33.9,0.82,6,1,Low,0.856,1.0066666666666666,0.18000000000000005,37,9,False,False,False,False,True,False,0
V018,Village_18,16.72476,73.79767,961,2024-09-22,6.34,3.55,0.483,0,1.9,33.3,0.82,1,3,Medium,0.872,0.9246666666666665,0.18000000000000005,38,9,False,False,False,False,False,True,1
V018,Village_18,16.72476,73.79767,961,2024-09-29,6.41,2.71,0.322,0,7.1,33.5,0.82,3,1,Low,0.949,1.042,0.18000000000000005,39,9,False,False,False,True,False,False,0
V018,Village_18,16.72476,73.79767,961,2024-10-06,6.89,1.3,0.044,0,6.7,28.7,0.82,1,2,Low,1.0859999999999999,0.714,0.18000000000000005,40,10,False,False,False,False,False,False,0
V018,Village_18,16.72476,73.79767,961,2024-10-13,7.03,3.02,0.232,1,4.3,31.4,0.82,2,2,Low,2.0700000000000003,0.8459999999999999,0.18000000000000005,41,10,False,False,False,False,False,False,0
V018,Village_18,16.72476,73.79767,961,2024-10-20,7.48,0.73,0.348,0,13.9,29.0,0.82,2,1,Low,0.725,0.878,0.18000000000000005,42,10,False,False,False,False,True,False,0
V018,Village_18,16.72476,73.79767,961,2024-10-27,6.75,9.01,0.287,0,15.8,25.1,0.82,1,3,Medium,1.614,0.6560000000000001,0.18000000000000005,43,10,False,False,False,True,False,False,1
V018,Village_18,16.72476,73.79767,961,2024-11-03,7.97,0.98,0.347,0,16.4,25.3,0.82,3,1,Low,0.751,0.6813333333333333,0.18000000000000005,44,11,False,False,False,False,False,False,0
V018,Village_18,16.72476,73.79767,961,2024-11-10,7.53,1.58,0.269,0,18.0,32.4,0.82,1,4,Medium,0.889,1.1866666666666665,0.18000000000000005,45,11,False,False,False,False,True,False,1
V018,Village_18,16.72476,73.79767,961,2024-11-17,6.92,1.98,0.461,0,5.9,29.6,0.82,4,2,Low,0.7369999999999999,0.7580000000000001,0.18000000000000005,46,11,False,False,False,False,False,True,0
V018,Village_18,16.72476,73.79767,961,2024-11-24,7.46,0.91,0.39,0,7.1,34.5,0.82,2,1,Low,0.701,1.1086666666666667,0.18000000000000005,47,11,False,False,False,True,False,False,0
V018,Village_18,16.72476,73.79767,961,2024-12-01,6.85,5.9,0.478,0,6.3,37.9,0.82,1,1,Low,1.112,1.3193333333333332,0.18000000000000005,48,12,False,False,False,False,False,True,0
V018,Village_18,16.72476,73.79767,961,2024-12-08,6.96,0.33,0.348,0,18.3,28.1,0.82,1,2,Low,0.685,0.9060000000000001,0.18000000000000005,49,12,False,False,False,False,False,True,0
V018,Village_18,16.72476,73.79767,961,2024-12-15,7.23,2.78,0.25,0,1.2,31.3,0.82,2,3,Medium,1.028,0.7773333333333334,0.18000000000000005,50,12,False,False,False,False,True,False,1
V018,Village_18,16.72476,73.79767,961,2024-12-22,6.75,1.13,0.353,0,4.1,35.3,0.82,3,2,Low,0.76,1.1019999999999999,0.18000000000000005,51,12,False,False,False,False,True,False,0
V018,Village_18,16.72476,73.79767,961,2024-12-29,6.88,1.53,0.379,0,2.1,30.5,0.82,2,2,Low,0.774,0.742,0.18000000000000005,52,12,False,False,False,False,False,False,0
V019,Village_19,16.63195,74.38423,5097,2024-01-07,6.48,0.95,0.474,0,2.7,30.6,0.53,0,2,Low,0.621,0.7606666666666668,0.47,1,1,False,False,False,False,False,False,0
V019,Village_19,16.63195,74.38423,5097,2024-01-14,7.42,1.94,0.13,0,5.0,29.3,0.53,2,4,Medium,1.064,0.72,0.47,2,1,False,False,False,False,True,False,1
V019,Village_19,16.63195,74.38423,5097,2024-01-21,6.99,2.1,0.224,0,5.1,35.9,0.53,4,3,Medium,0.986,1.162,0.47,3,1,False,False,False,False,False,False,1
V019,Village_19,16.63195,74.38423,5097,2024-01-28,6.91,2.6,0.343,0,6.1,24.8,0.53,3,4,Medium,0.917,0.44200000000000006,0.47,4,1,False,False,False,False,True,False,1
V019,Village_19,16.63195,74.38423,5097,2024-02-04,6.97,4.0,0.607,0,9.0,30.7,0.53,4,9,High,0.793,0.8933333333333333,0.47,5,2,False,False,False,False,True,False,2
V019,Village_19,16.63195,74.38423,5097,2024-02-11,6.96,2.34,0.25,0,11.2,36.9,0.53,9,10,High,0.984,1.3506666666666665,0.47,6,2,False,False,False,False,False,False,2
V019,Village_19,16.63195,74.38423,5097,2024-02-18,7.0,0.89,0.126,0,16.1,28.3,0.53,10,6,Medium,0.963,0.8753333333333333,0.47,7,2,False,False,False,False,True,False,1
V019,Village_19,16.63195,74.38423,5097,2024-02-25,7.13,11.68,0.269,0,6.8,33.0,0.53,6,9,High,1.899,1.0026666666666668,0.47,8,2,False,False,False,False,True,False,2
V019,Village_19,16.63195,74.38423,5097,2024-03-03,6.78,2.69,0.459,0,2.4,32.5,0.53,9,6,Medium,0.8099999999999999,0.8813333333333334,0.47,9,3,False,False,False,True,False,False,1
V019,Village_19,16.63195,74.38423,5097,2024-03-10,7.23,2.94,0.328,0,4.0,32.5,0.53,6,2,Low,0.966,0.9133333333333333,0.47,10,3,False,False,False,True,False,False,0
V019,Village_19,16.63195,74.38423,5097,2024-03-17,7.08,0.14,0.279,0,5.0,32.1,0.53,2,1,Low,0.735,0.9066666666666667,0.47,11,3,False,False,False,False,True,False,0
V019,Village_19,16.63195,74.38423,5097,2024-03-24,6.84,0.85,0.506,0,11.2,31.8,0.53,1,2,Low,0.579,1.0106666666666668,0.47,12,3,False,False,False,False,False,True,0
V019,Village_19,16.63195,74.38423,5097,2024-03-31,6.87,2.7,0.214,0,6.3,33.0,0.53,2,6,Medium,1.056,0.9926666666666667,0.47,13,3,False,False,False,False,True,False,1
V019,Village_19,16.63195,74.38423,5097,2024-04-07,6.74,2.01,0.179,0,6.5,27.5,0.53,6,2,Low,1.022,0.63,0.47,14,4,False,False,False,False,False,True,0
V019,Village_19,16.63195,74.38423,5097,2024-04-14,6.87,1.53,0.251,0,5.0,36.1,0.53,2,2,Low,0.902,1.1733333333333336,0.47,15,4,False,False,False,False,True,False,0
V019,Village_19,16.63195,74.38423,5097,2024-04-21,6.83,1.94,0.34,0,8.2,26.6,0.53,2,2,Low,0.8539999999999999,0.6040000000000001,0.47,16,4,False,False,False,False,False,False,0
V019,Village_19,16.63195,74.38423,5097,2024-04-28,7.56,3.03,0.25,1,9.1,28.3,0.53,2,8,High,2.053,0.7353333333333334,0.47,17,4,False,False,False,False,True,False,2
V019,Village_19,16.63195,74.38423,5097,2024-05-05,7.68,2.54,0.199,0,22.7,29.7,0.53,8,11,High,1.055,1.1006666666666667,0.47,18,5,False,False,False,False,False,True,2
V019,Village_19,16.63195,74.38423,5097,2024-05-12,6.73,3.03,0.155,0,6.8,25.6,0.53,11,6,Medium,1.148,0.5093333333333334,0.47,19,5,False,False,False,False,False,False,1
V019,Village_19,16.63195,74.38423,5097,2024-05-19,6.84,2.17,0.278,0,0.8,30.0,0.53,6,1,Low,0.939,0.6826666666666666,0.47,20,5,False,False,False,True,False,False,0
V019,Village_19,16.63195,74.38423,5097,2024-05-26,7.15,2.66,0.029,0,9.7,28.2,0.53,1,7,High,1.237,0.7406666666666666,0.47,21,5,False,False,False,False,False,True,2
V019,Village_19,16.63195,74.38423,5097,2024-06-02,6.57,1.63,0.336,0,6.9,29.9,0.53,7,1,Low,0.827,0.7979999999999999,0.47,22,6,False,False,False,True,False,False,0
V019,Village_19,16.63195,74.38423,5097,2024-06-09,6.79,5.16,0.08,1,26.5,28.7,0.53,1,7,High,2.436,1.1099999999999999,0.47,23,6,False,False,False,False,False,True,2
V019,Village_19,16.63195,74.38423,5097,2024-06-16,7.37,11.52,0.13,1,6.1,33.9,0.53,7,7,High,3.022,1.0486666666666666,0.47,24,6,False,False,False,False,False,False,2
V019,Village_19,16.63195,74.38423,5097,2024-06-23,7.2,7.9,0.171,1,6.4,26.2,0.53,7,10,High,2.6189999999999998,0.5413333333333332,0.47,25,6,False,False,False,True,False,False,2
V019,Village_19,16.63195,74.38423,5097,2024-06-30,7.15,5.7,0.045,1,16.1,25.7,0.53,10,20,High,2.525,0.702,0.47,26,6,False,False,False,False,False,False,2
V019,Village_19,16.63195,74.38423,5097,2024-07-07,7.27,13.68,0.031,1,24.8,26.9,0.53,20,11,High,3.3369999999999997,0.956,0.47,27,7,False,False,False,False,False,True,2
V019,Village_19,16.63195,74.38423,5097,2024-07-14,6.31,6.25,0.016,1,28.3,20.7,0.53,11,9,High,2.609,0.6126666666666667,0.47,28,7,False,False,False,False,False,False,2
V019,Village_19,16.63195,74.38423,5097,2024-07-21,6.91,11.63,0.159,1,27.6,28.0,0.53,9,9,High,3.004,1.0853333333333333,0.47,29,7,False,False,False,False,True,False,2
V019,Village_19,16.63195,74.38423,5097,2024-07-28,6.77,6.06,0.173,1,4.2,26.2,0.53,9,8,High,2.433,0.4973333333333333,0.47,30,7,False,False,False,False,True,False,2
V019,Village_19,16.63195,74.38423,5097,2024-08-04,6.77,7.02,0.033,1,22.9,26.0,0.53,8,13,High,2.669,0.858,0.47,31,8,False,False,False,False,False,True,2
V019,Village_19,16.63195,74.38423,5097,2024-08-11,6.69,3.51,0.054,0,24.7,23.5,0.53,13,7,High,1.297,0.7273333333333334,0.47,32,8,False,False,False,False,False,False,2
V019,Village_19,16.63195,74.38423,5097,2024-08-18,6.86,10.51,0.067,1,11.2,29.0,0.53,7,8,High,2.984,0.824,0.47,33,8,False,False,False,True,False,False,2
V019,Village_19,16.63195,74.38423,5097,2024-08-25,6.48,6.06,0.0,1,41.2,27.9,0.53,8,8,High,2.606,1.3506666666666667,0.47,34,8,False,False,False,True,False,False,2
V019,Village_19,16.63195,74.38423,5097,2024-09-01,6.44,6.64,0.14,1,15.1,20.5,0.53,8,14,High,2.524,0.3353333333333333,0.47,35,9,False,False,False,False,False,False,2
V019,Village_19,16.63195,74.38423,5097,2024-09-08,6.95,3.82,0.231,0,32.9,32.4,0.53,14,9,High,1.151,1.4846666666666666,0.47,36,9,False,False,False,False,False,True,2
V019,Village_19,16.63195,74.38423,5097,2024-09-15,6.97,0.5,0.263,0,23.9,24.9,0.53,9,3,Medium,0.787,0.8046666666666665,0.47,37,9,False,False,False,True,False,False,1
V019,Village_19,16.63195,74.38423,5097,2024-09-22,7.53,2.55,0.149,1,5.3,32.5,0.53,3,3,Medium,2.106,0.9393333333333334,0.47,38,9,False,False,False,False,False,False,1
V019,Village_19,16.63195,74.38423,5097,2024-09-29,6.86,1.45,0.329,0,1.8,33.0,0.53,3,6,Medium,0.8160000000000001,0.9026666666666667,0.47,39,9,False,False,False,True,False,False,1
V019,Village_19,16.63195,74.38423,5097,2024-10-06,6.54,3.51,0.463,0,7.5,26.5,0.53,6,1,Low,0.8879999999999999,0.5833333333333334,0.47,40,10,False,False,False,False,False,True,0
V019,Village_19,16.63195,74.38423,5097,2024-10-13,6.79,1.86,0.282,0,17.5,24.2,0.53,1,4,Medium,0.9039999999999999,0.6299999999999999,0.47,41,10,False,False,False,False,False,False,1
V019,Village_19,16.63195,74.38423,5097,2024-10-20,6.89,0.84,0.323,0,1.8,29.9,0.53,4,1,Low,0.761,0.696,0.47,42,10,False,False,False,True,False,False,0
V019,Village_19,16.63195,74.38423,5097,2024-10-27,6.82,1.36,0.17,0,7.5,36.2,0.53,1,3,Medium,0.966,1.2300000000000002,0.47,43,10,False,False,False,False,False,True,1
V019,Village_19,16.63195,74.38423,5097,2024-11-03,7.24,0.63,0.491,0,6.8,29.8,0.53,3,4,Medium,0.5720000000000001,0.7893333333333334,0.47,44,11,False,False,False,False,False,True,1
V019,Village_19,16.63195,74.38423,5097,2024-11-10,7.68,4.09,0.507,0,1.1,32.0,0.53,4,7,High,0.9019999999999999,0.8220000000000001,0.47,45,11,False,False,False,False,False,True,2
V019,Village_19,16.63195,74.38423,5097,2024-11-17,7.46,1.87,0.423,0,8.5,29.5,0.53,7,5,Medium,0.764,0.8033333333333333,0.47,46,11,False,False,False,False,False,False,1
V019,Village_19,16.63195,74.38423,5097,2024-11-24,7.23,5.7,0.27,0,1.5,29.2,0.53,5,5,Medium,1.3,0.6433333333333333,0.47,47,11,False,False,False,True,False,False,1
V019,Village_19,16.63195,74.38423,5097,2024-12-01,7.63,1.58,0.077,0,10.3,31.4,0.53,5,3,Medium,1.081,0.966,0.47,48,12,False,False,False,False,True,False,1
V019,Village_19,16.63195,74.38423,5097,2024-12-08,7.37,3.91,0.242,0,11.0,34.6,0.53,3,1,Low,1.149,1.1933333333333334,0.47,49,12,False,False,False,False,False,True,0
V019,Village_19,16.63195,74.38423,5097,2024-12-15,6.8,1.96,0.332,0,8.9,26.1,0.53,1,3,Medium,0.8639999999999999,0.5846666666666668,0.47,50,12,False,False,False,False,False,True,1
V019,Village_19,16.63195,74.38423,5097,2024-12-22,7.95,2.11,0.292,0,3.3,33.5,0.53,3,4,Medium,0.9189999999999999,0.966,0.47,51,12,False,False,False,False,False,True,1
V019,Village_19,16.63195,74.38423,5097,2024-12-29,6.59,2.63,0.554,0,11.1,29.8,0.53,4,2,Low,0.709,0.8753333333333334,0.47,52,12,False,False,False,True,False,False,0
V020,Village_20,16.49123,74.14015,10973,2024-01-07,6.7,1.75,0.37,0,9.5,35.4,0.28,0,8,High,0.8049999999999999,1.2166666666666666,0.72,1,1,False,False,False,False,True,False,2
V020,Village_20,16.49123,74.14015,10973,2024-01-14,7.08,4.05,0.418,0,2.5,28.5,0.28,8,6,Medium,0.9870000000000001,0.6166666666666667,0.72,2,1,False,False,False,True,False,False,1
V020,Village_20,16.49123,74.14015,10973,2024-01-21,6.28,3.66,0.345,0,5.6,26.3,0.28,6,13,High,1.021,0.532,0.72,3,1,False,False,False,False,False,True,2
V020,Village_20,16.49123,74.14015,10973,2024-01-28,6.6,2.6,0.149,0,5.4,32.0,0.28,13,15,High,1.111,0.908,0.72,4,1,False,False,False,True,False,False,2
V020,Village_20,16.49123,74.14015,10973,2024-02-04,6.51,1.29,0.244,0,6.8,31.6,0.28,15,13,High,0.885,0.9093333333333334,0.72,5,2,False,False,False,True,False,False,2
V020,Village_20,16.49123,74.14015,10973,2024-02-11,7.12,0.95,0.427,0,4.3,27.2,0.28,13,6,Medium,0.6679999999999999,0.566,0.72,6,2,False,False,False,False,False,True,1
V020,Village_20,16.49123,74.14015,10973,2024-02-18,6.58,4.98,0.206,0,9.7,31.1,0.28,6,10,High,1.292,0.934,0.72,7,2,False,False,False,True,False,False,2
V020,Village_20,16.49123,74.14015,10973,2024-02-25,6.92,5.79,0.289,0,8.2,32.5,0.28,10,10,High,1.29,0.9973333333333334,0.72,8,2,False,False,False,False,False,False,2
V020,Village_20,16.49123,74.14015,10973,2024-03-03,6.61,2.78,0.224,0,1.6,27.1,0.28,10,13,High,1.054,0.5053333333333334,0.72,9,3,False,False,False,False,True,False,2
V020,Village_20,16.49123,74.14015,10973,2024-03-10,6.67,0.63,0.285,0,4.0,30.0,0.28,13,4,Medium,0.778,0.7466666666666666,0.72,10,3,False,False,False,False,True,False,1
V020,Village_20,16.49123,74.14015,10973,2024-03-17,6.6,1.26,0.364,0,1.1,27.2,0.28,4,6,Medium,0.762,0.5019999999999999,0.72,11,3,False,False,False,False,False,True,1
V020,Village_20,16.49123,74.14015,10973,2024-03-24,6.6,0.8,0.28,0,20.0,29.7,0.28,6,6,Medium,0.7999999999999999,1.0466666666666666,0.72,12,3,False,False,False,False,False,True,1
V020,Village_20,16.49123,74.14015,10973,2024-03-31,7.07,1.41,0.277,0,5.1,28.9,0.28,6,4,Medium,0.864,0.6953333333333332,0.72,13,3,False,False,False,True,False,False,1
V020,Village_20,16.49123,74.14015,10973,2024-04-07,6.58,1.12,0.135,0,17.6,34.4,0.28,4,4,Medium,0.977,1.3119999999999998,0.72,14,4,False,False,False,True,False,False,1
V020,Village_20,16.49123,74.14015,10973,2024-04-14,6.72,1.87,0.246,0,2.7,28.7,0.28,4,6,Medium,0.9410000000000001,0.634,0.72,15,4,False,False,False,False,True,False,1
V020,Village_20,16.49123,74.14015,10973,2024-04-21,6.77,1.41,0.229,0,4.7,29.0,0.28,6,15,High,0.912,0.694,0.72,16,4,False,False,False,False,False,False,2
V020,Village_20,16.49123,74.14015,10973,2024-04-28,6.95,2.17,0.425,0,19.6,35.7,0.28,15,15,High,0.7919999999999999,1.4386666666666668,0.72,17,4,False,False,False,False,True,False,2
V020,Village_20,16.49123,74.14015,10973,2024-05-05,7.41,2.04,0.22,0,7.7,35.5,0.28,15,4,Medium,0.984,1.1873333333333334,0.72,18,5,False,False,False,True,False,False,1
V020,Village_20,16.49123,74.14015,10973,2024-05-12,7.17,0.45,0.066,1,22.7,29.6,0.28,4,15,High,1.979,1.094,0.72,19,5,False,False,False,False,False,True,2
V020,Village_20,16.49123,74.14015,10973,2024-05-19,6.8,4.78,0.425,0,17.0,24.2,0.28,15,19,High,1.053,0.62,0.72,20,5,False,False,False,False,False,True,2
V020,Village_20,16.49123,74.14015,10973,2024-05-26,6.54,0.54,0.322,0,3.7,34.1,0.28,19,10,High,0.732,1.014,0.72,21,5,False,False,False,False,False,True,2
V020,Village_20,16.49123,74.14015,10973,2024-06-02,6.98,6.24,0.106,1,14.1,28.6,0.28,10,19,High,2.518,0.8553333333333335,0.72,22,6,False,False,False,True,False,False,2
V020,Village_20,16.49123,74.14015,10973,2024-06-09,7.2,2.49,0.215,0,27.1,23.5,0.28,19,21,High,1.034,0.7753333333333334,0.72,23,6,False,False,False,False,False,False,2
V020,Village_20,16.49123,74.14015,10973,2024-06-16,6.68,5.73,0.052,1,108.6,28.2,0.28,21,10,High,2.521,2.7186666666666666,0.72,24,6,False,False,False,False,False,True,2
V020,Village_20,16.49123,74.14015,10973,2024-06-23,7.25,4.32,0.201,0,81.3,23.9,0.28,10,19,High,1.2309999999999999,1.8859999999999997,0.72,25,6,False,False,False,False,False,True,2
V020,Village_20,16.49123,74.14015,10973,2024-06-30,6.82,4.54,0.068,0,16.4,23.1,0.28,19,24,High,1.386,0.5346666666666667,0.72,26,6,False,False,False,True,False,False,2
V020,Village_20,16.49123,74.14015,10973,2024-07-07,6.69,0.77,0.095,0,4.1,27.7,0.28,24,4,Medium,0.982,0.5953333333333333,0.72,27,7,False,False,False,False,True,False,1
V020,Village_20,16.49123,74.14015,10973,2024-07-14,7.56,7.9,0.168,1,14.7,22.2,0.28,4,26,High,2.622,0.4406666666666666,0.72,28,7,False,False,False,False,True,False,2
V020,Village_20,16.49123,74.14015,10973,2024-07-21,7.73,10.97,0.286,0,8.7,29.4,0.28,26,19,High,1.811,0.8006666666666666,0.72,29,7,False,False,False,False,False,False,2
V020,Village_20,16.49123,74.14015,10973,2024-07-28,6.81,19.82,0.16,1,31.8,29.3,0.28,19,43,High,3.822,1.256,0.72,30,7,False,False,False,False,False,True,2
V020,Village_20,16.49123,74.14015,10973,2024-08-04,6.61,3.81,0.181,0,29.0,19.9,0.28,43,15,High,1.2,0.5733333333333333,0.72,31,8,False,False,False,False,True,False,2
V020,Village_20,16.49123,74.14015,10973,2024-08-11,6.83,7.95,0.04,1,49.0,29.4,0.28,15,8,High,2.755,1.6066666666666665,0.72,32,8,False,False,False,False,False,False,2
V020,Village_20,16.49123,74.14015,10973,2024-08-18,6.81,3.64,0.172,0,11.8,25.4,0.28,8,10,High,1.1920000000000002,0.596,0.72,33,8,False,False,False,False,True,False,2
V020,Village_20,16.49123,74.14015,10973,2024-08-25,7.11,10.19,0.136,1,74.9,24.5,0.28,10,19,High,2.883,1.7980000000000003,0.72,34,8,False,False,False,False,False,True,2
V020,Village_20,16.49123,74.14015,10973,2024-09-01,7.2,7.65,0.206,0,35.0,22.7,0.28,19,21,High,1.5590000000000002,0.8799999999999999,0.72,35,9,False,False,False,False,False,True,2
V020,Village_20,16.49123,74.14015,10973,2024-09-08,7.15,1.93,0.122,0,9.4,29.4,0.28,21,10,High,1.071,0.8146666666666667,0.72,36,9,False,False,False,True,False,False,2
V020,Village_20,16.49123,74.14015,10973,2024-09-15,6.92,0.89,0.381,0,6.7,25.8,0.28,10,6,Medium,0.708,0.5206666666666667,0.72,37,9,False,False,False,False,True,False,1
V020,Village_20,16.49123,74.14015,10973,2024-09-22,7.52,3.56,0.236,0,8.3,25.2,0.28,6,13,High,1.12,0.5126666666666666,0.72,38,9,False,False,False,True,False,False,2
V020,Village_20,16.49123,74.14015,10973,2024-09-29,7.05,2.03,0.358,0,2.6,30.5,0.28,13,10,High,0.845,0.752,0.72,39,9,False,False,False,False,False,True,2
V020,Village_20,16.49123,74.14015,10973,2024-10-06,6.94,3.92,0.355,0,3.9,29.2,0.28,10,10,High,1.037,0.6913333333333332,0.72,40,10,False,False,False,False,False,False,2
V020,Village_20,16.49123,74.14015,10973,2024-10-13,6.53,1.6,0.335,1,10.6,37.3,0.28,10,13,High,1.8250000000000002,1.365333333333333,0.72,41,10,False,False,False,True,False,False,2
V020,Village_20,16.49123,74.14015,10973,2024-10-20,6.84,0.54,0.375,0,15.9,24.7,0.28,13,17,High,0.679,0.6313333333333333,0.72,42,10,False,False,False,False,False,False,2
V020,Village_20,16.49123,74.14015,10973,2024-10-27,7.33,4.77,0.181,0,7.2,31.2,0.28,17,15,High,1.2959999999999998,0.8906666666666666,0.72,43,10,False,False,False,False,False,False,2
V020,Village_20,16.49123,74.14015,10973,2024-11-03,6.92,2.09,0.254,0,2.8,32.1,0.28,15,17,High,0.955,0.8626666666666667,0.72,44,11,False,False,False,False,False,True,2
V020,Village_20,16.49123,74.14015,10973,2024-11-10,7.21,1.59,0.311,0,14.5,32.4,0.28,17,17,High,0.8480000000000001,1.1166666666666665,0.72,45,11,False,False,False,True,False,False,2
V020,Village_20,16.49123,74.14015,10973,2024-11-17,6.99,4.38,0.38,0,3.1,30.8,0.28,17,15,High,1.058,0.782,0.72,46,11,False,False,False,False,False,True,2
V020,Village_20,16.49123,74.14015,10973,2024-11-24,7.26,0.27,0.221,0,1.3,27.2,0.28,15,15,High,0.806,0.5059999999999999,0.72,47,11,False,False,False,True,False,False,2
V020,Village_20,16.49123,74.14015,10973,2024-12-01,6.71,2.63,0.521,0,5.0,25.8,0.28,15,13,High,0.742,0.4866666666666667,0.72,48,12,False,False,False,False,False,True,2
V020,Village_20,16.49123,74.14015,10973,2024-12-08,7.28,1.1,0.332,0,24.1,32.6,0.28,13,10,High,0.7779999999999999,1.322,0.72,49,12,False,False,False,False,False,True,2
V020,Village_20,16.49123,74.14015,10973,2024-12-15,7.04,1.39,0.419,0,16.2,25.5,0.28,10,4,Medium,0.72,0.6906666666666667,0.72,50,12,False,False,False,False,False,True,1
V020,Village_20,16.49123,74.14015,10973,2024-12-22,7.03,4.88,0.314,0,5.9,31.3,0.28,4,15,High,1.174,0.8713333333333334,0.72,51,12,False,False,False,False,False,True,2
V020,Village_20,16.49123,74.14015,10973,2024-12-29,6.5,0.97,0.309,0,19.6,28.6,0.28,15,15,High,0.788,0.9653333333333335,0.72,52,12,False,False,False,False,True,False,2
